local : 6aa4e3dbba1e6c68fffa49d7311e7a7e  /tmp/s1.sh
6aa4e3dbba1e6c68fffa49d7311e7a7e  /tmp/s1.sh
-rw-r--r-- 1 orangepi orangepi 4337 Sep 16 12:30 /tmp/s1.sh
########## 0. uptime / kernel / cmdline
Linux orangepizero3w 6.6.98-sun60iw2 #1.0.0 SMP PREEMPT Tue Sep 15 01:09:24 CST 2026 aarch64 GNU/Linux
5418.23
root=UUID=c672c6d0-8a70-403b-9d09-f090571a2022 rootwait rootfstype=ext4 splash plymouth.ignore-serial-consoles earlyprintk=sunxi-uart,0x02500000 initcall_debug=0 console=ttyS0,115200 console=tty1 consoleblank=0 loglevel=1 clk_ignore_unused swiotlb=65536 usb-storage.quirks=   cgroup_enable=cpuset cgroup_memory=1 cgroup_enable=memory swapaccount=1
panic_on_oops=1 watchdog_handle=
RuntimeWatchdogSec=RuntimeWatchdogSec=16s
########## 1. devices
ls: cannot access '/dev/g2d': No such file or directory
crw-rw-rw- 1 root root   237,   0 Sep 16 11:00 /dev/cedar_dev
crw-rw---- 1 root video  236,   0 Sep 16 11:00 /dev/cedar_dev_ve2
crw-rw---- 1 root video  251,   0 Sep 16 11:00 /dev/media0
crw-rw-r-- 1 root netdev  10, 242 Sep 16 11:00 /dev/rfkill
crw-rw---- 1 root video   81,   2 Sep 16 11:00 /dev/v4l-subdev0
crw-rw---- 1 root video   81,   3 Sep 16 11:00 /dev/v4l-subdev1
crw-rw---- 1 root video   81,  12 Sep 16 11:00 /dev/v4l-subdev10
crw-rw---- 1 root video   81,  13 Sep 16 11:00 /dev/v4l-subdev11
crw-rw---- 1 root video   81,  14 Sep 16 11:00 /dev/v4l-subdev12
crw-rw---- 1 root video   81,  15 Sep 16 11:00 /dev/v4l-subdev13
crw-rw---- 1 root video   81,  16 Sep 16 11:00 /dev/v4l-subdev14
crw-rw---- 1 root video   81,  17 Sep 16 11:00 /dev/v4l-subdev15
crw-rw---- 1 root video   81,  18 Sep 16 11:00 /dev/v4l-subdev16
crw-rw---- 1 root video   81,  19 Sep 16 11:00 /dev/v4l-subdev17
crw-rw---- 1 root video   81,  20 Sep 16 11:00 /dev/v4l-subdev18
crw-rw---- 1 root video   81,   4 Sep 16 11:00 /dev/v4l-subdev2
crw-rw---- 1 root video   81,   5 Sep 16 11:00 /dev/v4l-subdev3
crw-rw---- 1 root video   81,   6 Sep 16 11:00 /dev/v4l-subdev4
crw-rw---- 1 root video   81,   7 Sep 16 11:00 /dev/v4l-subdev5
crw-rw---- 1 root video   81,   8 Sep 16 11:00 /dev/v4l-subdev6
crw-rw---- 1 root video   81,   9 Sep 16 11:00 /dev/v4l-subdev7
crw-rw---- 1 root video   81,  10 Sep 16 11:00 /dev/v4l-subdev8
crw-rw---- 1 root video   81,  11 Sep 16 11:00 /dev/v4l-subdev9
crw-rw---- 1 root video   81,   0 Sep 16 11:00 /dev/video0
crw-rw---- 1 root video   81,   1 Sep 16 11:00 /dev/video4
crw-rw-rw- 1 root root   199,   0 Sep 16 11:00 /dev/vipcore
crw------- 1 root root    10, 130 Sep 16 11:00 /dev/watchdog

/dev/dma_heap/:
total 0
crw-rw---- 1 root video 253, 1 Sep 16 11:00 reserved
crw-rw---- 1 root video 253, 0 Sep 16 11:00 system
total 0
drwxr-xr-x 2 root root        100 Sep 16 11:00 by-path
crw-rw---- 1 root video  226,   0 Sep 16 11:00 card0
crw-rw---- 1 root video  226,   1 Sep 16 11:00 card1
crw-rw-rw- 1 root render 226, 128 Sep 16 11:00 renderD128
--- video nodes by sysfs
/sys/class/video4linux/v4l-subdev0 -> ar0234_mipi
/sys/class/video4linux/v4l-subdev1 -> vin_cap.0
/sys/class/video4linux/v4l-subdev10 -> sunxi_mipi.0
/sys/class/video4linux/v4l-subdev11 -> sunxi_mipi.1
/sys/class/video4linux/v4l-subdev12 -> sunxi_mipi.2
/sys/class/video4linux/v4l-subdev13 -> sunxi_isp.0
/sys/class/video4linux/v4l-subdev14 -> sunxi_h3a.0
/sys/class/video4linux/v4l-subdev15 -> sunxi_scaler.0
/sys/class/video4linux/v4l-subdev16 -> sunxi_scaler.4
/sys/class/video4linux/v4l-subdev17 -> sunxi_scaler.8
/sys/class/video4linux/v4l-subdev18 -> sunxi_scaler.16
/sys/class/video4linux/v4l-subdev2 -> vin_cap.4
/sys/class/video4linux/v4l-subdev3 -> sunxi_csi.0
/sys/class/video4linux/v4l-subdev4 -> sunxi_csi.1
/sys/class/video4linux/v4l-subdev5 -> sunxi_csi.2
/sys/class/video4linux/v4l-subdev6 -> sunxi_tdm_rx.0
/sys/class/video4linux/v4l-subdev7 -> sunxi_tdm_rx.1
/sys/class/video4linux/v4l-subdev8 -> sunxi_tdm_rx.2
/sys/class/video4linux/v4l-subdev9 -> sunxi_tdm_rx.3
/sys/class/video4linux/video0 -> vin_video0
/sys/class/video4linux/video4 -> vin_video4
########## 2. v4l2-ctl --list-devices
sunxi-vin (platform:5800800.vind):
	/dev/video0
	/dev/video4
	/dev/media0

########## 3. media-ctl -p
Media controller API version 6.6.98

Media device information
------------------------
driver          sunxi-vin-media
model           Allwinner Vin
serial          
bus info        platform:5800800.vind
hw revision     0x0
driver version  6.6.98

Device topology
- entity 1: ar0234_mipi (1 pad, 2 links)
            type V4L2 subdev subtype Sensor flags 0
            device node name /dev/v4l-subdev0
	pad0: Source
		[fmt:SGRBG10_1X10/1920x1200 field:none]
		-> "sunxi_mipi.0":0 []
		-> "sunxi_mipi.0":0 []

- entity 3: vin_cap.0 (2 pads, 2 links)
            type Node subtype V4L flags 0
            device node name /dev/v4l-subdev1
	pad0: Sink
		<- "sunxi_scaler.0":1 [ENABLED]
	pad1: Source
		-> "vin_video0":0 [ENABLED]

- entity 6: vin_video0 (1 pad, 1 link)
            type Node subtype V4L flags 0
            device node name /dev/video0
	pad0: Sink
		<- "vin_cap.0":1 [ENABLED]

- entity 10: vin_cap.4 (2 pads, 2 links)
             type Node subtype V4L flags 0
             device node name /dev/v4l-subdev2
	pad0: Sink
		<- "sunxi_scaler.4":1 [ENABLED]
	pad1: Source
		-> "vin_video4":0 [ENABLED]

- entity 13: vin_video4 (1 pad, 1 link)
             type Node subtype V4L flags 0
             device node name /dev/video4
	pad0: Sink
		<- "vin_cap.4":1 [ENABLED]

- entity 17: sunxi_csi.0 (2 pads, 6 links)
             type Node subtype V4L flags 0
             device node name /dev/v4l-subdev3
	pad0: Sink
		<- "sunxi_mipi.0":1 [ENABLED]
		<- "sunxi_mipi.0":1 [ENABLED]
	pad1: Source
		-> "sunxi_tdm_rx.0":0 []
		-> "sunxi_tdm_rx.1":0 []
		-> "sunxi_tdm_rx.2":0 []
		-> "sunxi_tdm_rx.3":0 []

- entity 20: sunxi_csi.1 (2 pads, 4 links)
             type Node subtype V4L flags 0
             device node name /dev/v4l-subdev4
	pad0: Sink
	pad1: Source
		-> "sunxi_tdm_rx.0":0 []
		-> "sunxi_tdm_rx.1":0 []
		-> "sunxi_tdm_rx.2":0 []
		-> "sunxi_tdm_rx.3":0 []

- entity 23: sunxi_csi.2 (2 pads, 4 links)
             type Node subtype V4L flags 0
             device node name /dev/v4l-subdev5
	pad0: Sink
	pad1: Source
		-> "sunxi_tdm_rx.0":0 []
		-> "sunxi_tdm_rx.1":0 []
		-> "sunxi_tdm_rx.2":0 []
		-> "sunxi_tdm_rx.3":0 []

- entity 26: sunxi_tdm_rx.0 (2 pads, 5 links)
             type Node subtype V4L flags 0
             device node name /dev/v4l-subdev6
	pad0: Sink
		<- "sunxi_csi.0":1 []
		<- "sunxi_csi.1":1 []
		<- "sunxi_csi.2":1 []
	pad1: Source
		-> "sunxi_isp.0":0 [ENABLED]
		-> "sunxi_isp.0":0 [ENABLED]

- entity 29: sunxi_tdm_rx.1 (2 pads, 3 links)
             type Node subtype V4L flags 0
             device node name /dev/v4l-subdev7
	pad0: Sink
		<- "sunxi_csi.0":1 []
		<- "sunxi_csi.1":1 []
		<- "sunxi_csi.2":1 []
	pad1: Source

- entity 32: sunxi_tdm_rx.2 (2 pads, 3 links)
             type Node subtype V4L flags 0
             device node name /dev/v4l-subdev8
	pad0: Sink
		<- "sunxi_csi.0":1 []
		<- "sunxi_csi.1":1 []
		<- "sunxi_csi.2":1 []
	pad1: Source

- entity 35: sunxi_tdm_rx.3 (2 pads, 3 links)
             type Node subtype V4L flags 0
             device node name /dev/v4l-subdev9
	pad0: Sink
		<- "sunxi_csi.0":1 []
		<- "sunxi_csi.1":1 []
		<- "sunxi_csi.2":1 []
	pad1: Source

- entity 38: sunxi_mipi.0 (2 pads, 4 links)
             type Node subtype V4L flags 0
             device node name /dev/v4l-subdev10
	pad0: Sink
		<- "ar0234_mipi":0 []
		<- "ar0234_mipi":0 []
	pad1: Source
		-> "sunxi_csi.0":0 [ENABLED]
		-> "sunxi_csi.0":0 [ENABLED]

- entity 41: sunxi_mipi.1 (2 pads, 0 link)
             type Node subtype V4L flags 0
             device node name /dev/v4l-subdev11
	pad0: Sink
	pad1: Source

- entity 44: sunxi_mipi.2 (2 pads, 0 link)
             type Node subtype V4L flags 0
             device node name /dev/v4l-subdev12
	pad0: Sink
	pad1: Source

- entity 47: sunxi_isp.0 (3 pads, 7 links)
             type V4L2 subdev subtype Unknown flags 0
             device node name /dev/v4l-subdev13
	pad0: Sink
		[fmt:SGRBG10_1X10/1920x1200 field:none colorspace:jpeg xfer:unknown ycbcr:unknown quantization:unknown]
		<- "sunxi_tdm_rx.0":1 [ENABLED]
		<- "sunxi_tdm_rx.0":1 [ENABLED]
	pad1: Source
		[fmt:SGRBG10_1X10/1920x1200 field:none colorspace:jpeg xfer:unknown ycbcr:unknown quantization:unknown]
		-> "sunxi_h3a.0":0 [ENABLED,IMMUTABLE]
	pad2: Source
		[fmt:SGRBG10_1X10/1920x1200 field:none colorspace:jpeg xfer:unknown ycbcr:unknown quantization:unknown]
		-> "sunxi_scaler.0":0 [ENABLED]
		-> "sunxi_scaler.4":0 [ENABLED]
		-> "sunxi_scaler.8":0 []
		-> "sunxi_scaler.16":0 []

- entity 51: sunxi_h3a.0 (1 pad, 1 link)
             type V4L2 subdev subtype Unknown flags 0
             device node name /dev/v4l-subdev14
	pad0: Sink
		<- "sunxi_isp.0":1 [ENABLED,IMMUTABLE]

- entity 53: sunxi_scaler.0 (2 pads, 2 links)
             type V4L2 subdev subtype Unknown flags 0
             device node name /dev/v4l-subdev15
	pad0: Sink
		[fmt:SGRBG10_1X10/1920x1200 field:none colorspace:jpeg xfer:unknown ycbcr:unknown quantization:unknown
		 crop.bounds:(0,0)/1920x1200
		 crop:(0,0)/1920x1200
		 compose.bounds:(0,0)/1920x1200
		 compose:(0,0)/1920x1200]
		<- "sunxi_isp.0":2 [ENABLED]
	pad1: Source
		[fmt:SGRBG10_1X10/1920x1200 field:none colorspace:jpeg xfer:unknown ycbcr:unknown quantization:unknown]
		-> "vin_cap.0":0 [ENABLED]

- entity 56: sunxi_scaler.4 (2 pads, 2 links)
             type V4L2 subdev subtype Unknown flags 0
             device node name /dev/v4l-subdev16
	pad0: Sink
		[fmt:SGRBG10_1X10/1920x1200 field:none colorspace:jpeg xfer:unknown ycbcr:unknown quantization:unknown
		 crop.bounds:(0,0)/1920x1200
		 crop:(0,0)/1920x1200
		 compose.bounds:(0,0)/1920x1200
		 compose:(0,0)/1920x1200]
		<- "sunxi_isp.0":2 [ENABLED]
	pad1: Source
		[fmt:SGRBG10_1X10/1920x1200 field:none colorspace:jpeg xfer:unknown ycbcr:unknown quantization:unknown]
		-> "vin_cap.4":0 [ENABLED]

- entity 59: sunxi_scaler.8 (2 pads, 1 link)
             type V4L2 subdev subtype Unknown flags 0
             device node name /dev/v4l-subdev17
	pad0: Sink
		[fmt:unknown/0x0
		 crop.bounds:(0,0)/0x0
		 crop:(0,0)/0x0
		 compose.bounds:(0,0)/0x0
		 compose:(0,0)/0x0]
		<- "sunxi_isp.0":2 []
	pad1: Source
		[fmt:unknown/0x0]

- entity 62: sunxi_scaler.16 (2 pads, 1 link)
             type V4L2 subdev subtype Unknown flags 0
             device node name /dev/v4l-subdev18
	pad0: Sink
		[fmt:unknown/0x0
		 crop.bounds:(0,0)/0x0
		 crop:(0,0)/0x0
		 compose.bounds:(0,0)/0x0
		 compose:(0,0)/0x0]
		<- "sunxi_isp.0":2 []
	pad1: Source
		[fmt:unknown/0x0]

########## 4. video0 --all
Driver Info:
	Driver name      : sunxi-vin
	Card type        : sunxi-vin
	Bus info         : platform:5800800.vind
	Driver version   : 1.1.0
	Capabilities     : 0x85201000
		Video Capture Multiplanar
		Read/Write
		Streaming
		Extended Pix Format
		Device Capabilities
	Device Caps      : 0x05201000
		Video Capture Multiplanar
		Read/Write
		Streaming
		Extended Pix Format
Media Driver Info:
	Driver name      : sunxi-vin-media
	Model            : Allwinner Vin
	Serial           : 
	Bus info         : platform:5800800.vind
	Media version    : 6.6.98
	Hardware revision: 0x00000000 (0)
	Driver version   : 6.6.98
Interface Info:
	ID               : 0x03000007
	Type             : V4L Video
Entity Info:
	ID               : 0x00000006 (6)
	Name             : vin_video0
	Function         : V4L2 I/O
	Pad 0x01000009   : 0: Sink
	  Link 0x02000049: from remote pad 0x1000005 of entity 'vin_cap.0': Data, Enabled
Priority: 2
Video input : 0 (sunxi-vin: ok)
Format Video Capture Multiplanar:
	Width/Height      : 1920/1200
	Pixel Format      : 'NV12' (Y/UV 4:2:0)
	Field             : None
	Number of planes  : 1
	Flags             : 
	Colorspace        : JPEG
	Transfer Function : Default
	YCbCr/HSV Encoding: Default
	Quantization      : Default
	Plane 0           :
	   Bytes per Line : 2880
	   Size Image     : 3456000
Streaming Parameters Video Capture Multiplanar:
	Capabilities     : timeperframe
	Frames per second: 120.000 (120/1)
	Read buffers     : 0

User Controls

                     brightness 0x00980900 (int)    : min=-128 max=512 step=1 default=0 value=0 flags=slider
                       contrast 0x00980901 (int)    : min=-128 max=512 step=1 default=0 value=0 flags=slider
                     saturation 0x00980902 (int)    : min=-256 max=512 step=1 default=0 value=0 flags=slider
                            hue 0x00980903 (int)    : min=-180 max=180 step=1 default=0 value=0 flags=slider
        white_balance_automatic 0x0098090c (bool)   : default=1 value=1
                       exposure 0x00980911 (int)    : min=1 max=1048576 step=1 default=1 value=19760 flags=volatile
                 gain_automatic 0x00980912 (bool)   : default=1 value=1
                           gain 0x00980913 (int)    : min=16 max=96000 step=1 default=16 value=56200 flags=volatile
                horizontal_flip 0x00980914 (bool)   : default=0 value=0 flags=volatile
                  vertical_flip 0x00980915 (bool)   : default=0 value=0 flags=volatile
           power_line_frequency 0x00980918 (menu)   : min=0 max=3 default=3 value=3
				0: Disabled
				1: 50 Hz
				2: 60 Hz
				3: Auto
                  hue_automatic 0x00980919 (bool)   : default=1 value=1
      white_balance_temperature 0x0098091a (int)    : min=2800 max=10000 step=1 default=6500 value=6500
                      sharpness 0x0098091b (int)    : min=0 max=1000 step=1 default=0 value=0 flags=slider
                     chroma_agc 0x0098091d (bool)   : default=1 value=1
                  color_effects 0x0098091f (menu)   : min=0 max=15 default=0 value=0
				0: None
				1: Black & White
				2: Sepia
				3: Negative
				4: Emboss
				5: Sketch
				6: Sky Blue
				7: Grass Green
				8: Skin Whiten
				9: Vivid
				10: Aqua
				11: Art Freeze
				12: Silhouette
				13: Solarization
				14: Antique
				15: Set Cb/Cr
           brightness_automatic 0x00980920 (bool)   : default=1 value=1
               band_stop_filter 0x00980921 (int)    : min=0 max=1 step=1 default=1 value=1
                  illuminator_1 0x00980925 (bool)   : default=0 value=0
                  illuminator_2 0x00980926 (bool)   : default=0 value=0
              autofocus_initial 0x00981952 (button) : flags=write-only, execute-on-write
              autofocus_release 0x00981953 (button) : flags=write-only, execute-on-write
                gsensor_rotaion 0x00981954 (int)    : min=-180 max=180 step=90 default=0 value=0
                   take_picture 0x00981956 (int)    : min=0 max=16 step=1 default=0 value=0
        horizontal_visual_angle 0x00981957 (int)    : min=0 max=360 step=1 default=60 value=60 flags=read-only, volatile
          vertical_visual_angle 0x00981958 (int)    : min=0 max=360 step=1 default=60 value=60 flags=read-only, volatile
                   focus_length 0x00981959 (int)    : min=0 max=1000 step=1 default=280 value=280 flags=volatile
                    sensor_type 0x0098195e (menu)   : min=0 max=1 default=0 value=1 flags=volatile
				0: YUV
				1: RAW
            autoexposure_win_x1 0x0098195f (int)    : min=32 max=3264 step=16 default=256 value=256 flags=volatile
            autoexposure_win_y1 0x00981960 (int)    : min=32 max=3264 step=16 default=256 value=256 flags=volatile
            autoexposure_win_x2 0x00981961 (int)    : min=32 max=3264 step=16 default=256 value=256 flags=volatile
            autoexposure_win_y2 0x00981962 (int)    : min=32 max=3264 step=16 default=256 value=256 flags=volatile
               autofocus_win_x1 0x00981963 (int)    : min=32 max=3264 step=16 default=256 value=256 flags=volatile
               autofocus_win_y1 0x00981964 (int)    : min=32 max=3264 step=16 default=256 value=256 flags=volatile
               autofocus_win_x2 0x00981965 (int)    : min=32 max=3264 step=16 default=256 value=256 flags=volatile
               autofocus_win_y2 0x00981966 (int)    : min=32 max=3264 step=16 default=256 value=256 flags=volatile
                 vin_flash_ctrl 0x00981967 (menu)   : min=0 max=2 default=0 value=0
				0: Off
				1: Auto
				2: Red Eye

Camera Controls

                  auto_exposure 0x009a0901 (menu)   : min=0 max=3 default=0 value=0
				0: Auto Mode
				1: Manual Mode
				2: Shutter Priority Mode
				3: Aperture Priority Mode
         exposure_time_absolute 0x009a0902 (int)    : min=1 max=30000000 step=1 default=1 value=8398 flags=volatile
     exposure_dynamic_framerate 0x009a0903 (bool)   : default=0 value=0
                 focus_absolute 0x009a090a (int)    : min=0 max=127 step=1 default=0 value=0
                 focus_relative 0x009a090b (int)    : min=-127 max=127 step=1 default=0 value=0 flags=write-only, execute-on-write
     focus_automatic_continuous 0x009a090c (bool)   : default=1 value=1
             auto_exposure_bias 0x009a0913 (intmenu): min=0 max=8 default=4 value=4
				0: -4 (0xfffffffffffffffc)
				1: -3 (0xfffffffffffffffd)
				2: -2 (0xfffffffffffffffe)
				3: -1 (0xffffffffffffffff)
				4: 0 (0x0)
				5: 1 (0x1)
				6: 2 (0x2)
				7: 3 (0x3)
				8: 4 (0x4)
      white_balance_auto_preset 0x009a0914 (menu)   : min=0 max=9 default=1 value=1
				0: Manual
				1: Auto
				2: Incandescent
				3: Fluorescent
				4: Fluorescent H
				5: Horizon
				6: Daylight
				7: Flash
				8: Cloudy
				9: Shade
             wide_dynamic_range 0x009a0915 (bool)   : default=0 value=0
            image_stabilization 0x009a0916 (bool)   : default=0 value=0
                iso_sensitivity 0x009a0917 (intmenu): min=0 max=6 default=2 value=2
				0: 100 (0x64)
				1: 200 (0xc8)
				2: 400 (0x190)
				3: 800 (0x320)
				4: 1600 (0x640)
				5: 3200 (0xc80)
				6: 6400 (0x1900)
           iso_sensitivity_auto 0x009a0918 (menu)   : min=0 max=1 default=1 value=1
				0: Manual
				1: Auto
         exposure_metering_mode 0x009a0919 (menu)   : min=0 max=3 default=0 value=0
				0: Average
				1: Center Weighted
				2: Spot
				3: Matrix
                     scene_mode 0x009a091a (menu)   : min=0 max=13 default=0 value=0
				0: None
				1: Backlight
				2: Beach/Snow
				3: Candle Light
				4: Dusk/Dawn
				5: Fall Colors
				6: Fireworks
				7: Landscape
				8: Night
				9: Party/Indoor
				10: Portrait
				11: Sports
				12: Sunset
				13: Text
                        3a_lock 0x009a091b (bitmask): max=0x00000007 default=0x00000000 value=0x00000000 flags=volatile
               auto_focus_start 0x009a091c (button) : flags=write-only, execute-on-write
                auto_focus_stop 0x009a091d (button) : flags=write-only, execute-on-write
              auto_focus_status 0x009a091e (bitmask): max=0x00000007 default=0x00000000 value=0x00000000 flags=read-only, volatile
               auto_focus_range 0x009a091f (menu)   : min=0 max=3 default=0 value=0
				0: Auto
				1: Normal
				2: Macro
				3: Infinity

Flash Controls

                       led_mode 0x009c0901 (menu)   : min=0 max=4 default=0 value=0
				0: Off
				1: Flash
				2: Torch
				4: Software
########## 4b. video0 formats
ioctl: VIDIOC_ENUM_FMT
	Type: Video Capture Multiplanar

	[0]: 'RGBP' (16-bit RGB 5-6-5)
		Size: Continuous 192x128 - 1920x1200
		Size: Continuous 192x128 - 1920x1080
		Size: Continuous 192x128 - 1280x720
		Size: Continuous 192x128 - 960x600
	[1]: 'RGB3' (24-bit RGB 8-8-8)
		Size: Continuous 192x128 - 1920x1200
		Size: Continuous 192x128 - 1920x1080
		Size: Continuous 192x128 - 1280x720
		Size: Continuous 192x128 - 960x600
	[2]: 'BGR3' (24-bit BGR 8-8-8)
		Size: Continuous 192x128 - 1920x1200
		Size: Continuous 192x128 - 1920x1080
		Size: Continuous 192x128 - 1280x720
		Size: Continuous 192x128 - 960x600
	[3]: 'RGBO' (16-bit A/XRGB 1-5-5-5)
		Size: Continuous 192x128 - 1920x1200
		Size: Continuous 192x128 - 1920x1080
		Size: Continuous 192x128 - 1280x720
		Size: Continuous 192x128 - 960x600
	[4]: 'R444' (16-bit A/XRGB 4-4-4-4)
		Size: Continuous 192x128 - 1920x1200
		Size: Continuous 192x128 - 1920x1080
		Size: Continuous 192x128 - 1280x720
		Size: Continuous 192x128 - 960x600
	[5]: 'RGB4' (32-bit A/XRGB 8-8-8-8)
		Size: Continuous 192x128 - 1920x1200
		Size: Continuous 192x128 - 1920x1080
		Size: Continuous 192x128 - 1280x720
		Size: Continuous 192x128 - 960x600
	[6]: '422P' (Planar YUV 4:2:2)
		Size: Continuous 192x128 - 1920x1200
		Size: Continuous 192x128 - 1920x1080
		Size: Continuous 192x128 - 1280x720
		Size: Continuous 192x128 - 960x600
	[7]: 'NV16' (Y/UV 4:2:2)
		Size: Continuous 192x128 - 1920x1200
		Size: Continuous 192x128 - 1920x1080
		Size: Continuous 192x128 - 1280x720
		Size: Continuous 192x128 - 960x600
	[8]: 'NM16' (Y/UV 4:2:2 (N-C))
		Size: Continuous 192x128 - 1920x1200
		Size: Continuous 192x128 - 1920x1080
		Size: Continuous 192x128 - 1280x720
		Size: Continuous 192x128 - 960x600
	[9]: 'NV61' (Y/VU 4:2:2)
		Size: Continuous 192x128 - 1920x1200
		Size: Continuous 192x128 - 1920x1080
		Size: Continuous 192x128 - 1280x720
		Size: Continuous 192x128 - 960x600
	[10]: 'NM61' (Y/VU 4:2:2 (N-C))
		Size: Continuous 192x128 - 1920x1200
		Size: Continuous 192x128 - 1920x1080
		Size: Continuous 192x128 - 1280x720
		Size: Continuous 192x128 - 960x600
	[11]: 'YU12' (Planar YUV 4:2:0)
		Size: Continuous 192x128 - 1920x1200
		Size: Continuous 192x128 - 1920x1080
		Size: Continuous 192x128 - 1280x720
		Size: Continuous 192x128 - 960x600
	[12]: 'YM12' (Planar YUV 4:2:0 (N-C))
		Size: Continuous 192x128 - 1920x1200
		Size: Continuous 192x128 - 1920x1080
		Size: Continuous 192x128 - 1280x720
		Size: Continuous 192x128 - 960x600
	[13]: 'YV12' (Planar YVU 4:2:0)
		Size: Continuous 192x128 - 1920x1200
		Size: Continuous 192x128 - 1920x1080
		Size: Continuous 192x128 - 1280x720
		Size: Continuous 192x128 - 960x600
	[14]: 'YM21' (Planar YVU 4:2:0 (N-C))
		Size: Continuous 192x128 - 1920x1200
		Size: Continuous 192x128 - 1920x1080
		Size: Continuous 192x128 - 1280x720
		Size: Continuous 192x128 - 960x600
	[15]: 'NV12' (Y/UV 4:2:0)
		Size: Continuous 192x128 - 1920x1200
		Size: Continuous 192x128 - 1920x1080
		Size: Continuous 192x128 - 1280x720
		Size: Continuous 192x128 - 960x600
	[16]: 'NM12' (Y/UV 4:2:0 (N-C))
		Size: Continuous 192x128 - 1920x1200
		Size: Continuous 192x128 - 1920x1080
		Size: Continuous 192x128 - 1280x720
		Size: Continuous 192x128 - 960x600
	[17]: 'NV21' (Y/VU 4:2:0)
		Size: Continuous 192x128 - 1920x1200
		Size: Continuous 192x128 - 1920x1080
		Size: Continuous 192x128 - 1280x720
		Size: Continuous 192x128 - 960x600
	[18]: 'NM21' (Y/VU 4:2:0 (N-C))
		Size: Continuous 192x128 - 1920x1200
		Size: Continuous 192x128 - 1920x1080
		Size: Continuous 192x128 - 1280x720
		Size: Continuous 192x128 - 960x600
	[19]: 'TM12' (Y/UV 4:2:0 (64x32 MB, N-C))
		Size: Continuous 192x128 - 1920x1200
		Size: Continuous 192x128 - 1920x1080
		Size: Continuous 192x128 - 1280x720
		Size: Continuous 192x128 - 960x600
	[20]: 'GREY' (8-bit Greyscale)
		Size: Continuous 192x128 - 1920x1200
		Size: Continuous 192x128 - 1920x1080
		Size: Continuous 192x128 - 1280x720
		Size: Continuous 192x128 - 960x600
	[21]: 'FC21' (YUV 4:2:0 non-contig. 2p, FBC)
		Size: Continuous 192x128 - 1920x1200
		Size: Continuous 192x128 - 1920x1080
		Size: Continuous 192x128 - 1280x720
		Size: Continuous 192x128 - 960x600
	[22]: 'LC21' (YUV 4:2:0 non-contig. 2p, LBC_2)
		Size: Continuous 192x128 - 1920x1200
		Size: Continuous 192x128 - 1920x1080
		Size: Continuous 192x128 - 1280x720
		Size: Continuous 192x128 - 960x600
	[23]: 'LC22' (YUV 4:2:0 non-contig. 2p, LBC_2)
		Size: Continuous 192x128 - 1920x1200
		Size: Continuous 192x128 - 1920x1080
		Size: Continuous 192x128 - 1280x720
		Size: Continuous 192x128 - 960x600
	[24]: 'LC23' (YUV 4:2:0 non-contig. 2p, LBC_1)
		Size: Continuous 192x128 - 1920x1200
		Size: Continuous 192x128 - 1920x1080
		Size: Continuous 192x128 - 1280x720
		Size: Continuous 192x128 - 960x600
	[25]: 'LC24' (YUV 4:2:0 non-contig. 2p, LBC_1)
		Size: Continuous 192x128 - 1920x1200
		Size: Continuous 192x128 - 1920x1080
		Size: Continuous 192x128 - 1280x720
		Size: Continuous 192x128 - 960x600
	[26]: 'BA81' (8-bit Bayer BGBG/GRGR)
		Size: Continuous 192x128 - 1920x1200
		Size: Continuous 192x128 - 1920x1080
		Size: Continuous 192x128 - 1280x720
		Size: Continuous 192x128 - 960x600
	[27]: 'GBRG' (8-bit Bayer GBGB/RGRG)
		Size: Continuous 192x128 - 1920x1200
		Size: Continuous 192x128 - 1920x1080
		Size: Continuous 192x128 - 1280x720
		Size: Continuous 192x128 - 960x600
	[28]: 'GRBG' (8-bit Bayer GRGR/BGBG)
		Size: Continuous 192x128 - 1920x1200
		Size: Continuous 192x128 - 1920x1080
		Size: Continuous 192x128 - 1280x720
		Size: Continuous 192x128 - 960x600
	[29]: 'RGGB' (8-bit Bayer RGRG/GBGB)
		Size: Continuous 192x128 - 1920x1200
		Size: Continuous 192x128 - 1920x1080
		Size: Continuous 192x128 - 1280x720
		Size: Continuous 192x128 - 960x600
	[30]: 'BG10' (10-bit Bayer BGBG/GRGR)
		Size: Continuous 192x128 - 1920x1200
		Size: Continuous 192x128 - 1920x1080
		Size: Continuous 192x128 - 1280x720
		Size: Continuous 192x128 - 960x600
	[31]: 'GB10' (10-bit Bayer GBGB/RGRG)
		Size: Continuous 192x128 - 1920x1200
		Size: Continuous 192x128 - 1920x1080
		Size: Continuous 192x128 - 1280x720
		Size: Continuous 192x128 - 960x600
	[32]: 'BA10' (10-bit Bayer GRGR/BGBG)
		Size: Continuous 192x128 - 1920x1200
		Size: Continuous 192x128 - 1920x1080
		Size: Continuous 192x128 - 1280x720
		Size: Continuous 192x128 - 960x600
	[33]: 'RG10' (10-bit Bayer RGRG/GBGB)
		Size: Continuous 192x128 - 1920x1200
		Size: Continuous 192x128 - 1920x1080
		Size: Continuous 192x128 - 1280x720
		Size: Continuous 192x128 - 960x600
	[34]: 'BG12' (12-bit Bayer BGBG/GRGR)
		Size: Continuous 192x128 - 1920x1200
		Size: Continuous 192x128 - 1920x1080
		Size: Continuous 192x128 - 1280x720
		Size: Continuous 192x128 - 960x600
	[35]: 'GB12' (12-bit Bayer GBGB/RGRG)
		Size: Continuous 192x128 - 1920x1200
		Size: Continuous 192x128 - 1920x1080
		Size: Continuous 192x128 - 1280x720
		Size: Continuous 192x128 - 960x600
	[36]: 'BA12' (12-bit Bayer GRGR/BGBG)
		Size: Continuous 192x128 - 1920x1200
		Size: Continuous 192x128 - 1920x1080
		Size: Continuous 192x128 - 1280x720
		Size: Continuous 192x128 - 960x600
	[37]: 'RG12' (12-bit Bayer RGRG/GBGB)
		Size: Continuous 192x128 - 1920x1200
		Size: Continuous 192x128 - 1920x1080
		Size: Continuous 192x128 - 1280x720
		Size: Continuous 192x128 - 960x600
	[38]: 'BG14' (14-bit Bayer BGBG/GRGR)
		Size: Continuous 192x128 - 1920x1200
		Size: Continuous 192x128 - 1920x1080
		Size: Continuous 192x128 - 1280x720
		Size: Continuous 192x128 - 960x600
	[39]: 'GR14' (14-bit Bayer GRGR/BGBG)
		Size: Continuous 192x128 - 1920x1200
		Size: Continuous 192x128 - 1920x1080
		Size: Continuous 192x128 - 1280x720
		Size: Continuous 192x128 - 960x600
	[40]: 'GB14' (14-bit Bayer GBGB/RGRG)
		Size: Continuous 192x128 - 1920x1200
		Size: Continuous 192x128 - 1920x1080
		Size: Continuous 192x128 - 1280x720
		Size: Continuous 192x128 - 960x600
	[41]: 'RG14' (14-bit Bayer RGRG/GBGB)
		Size: Continuous 192x128 - 1920x1200
		Size: Continuous 192x128 - 1920x1080
		Size: Continuous 192x128 - 1280x720
		Size: Continuous 192x128 - 960x600
	[42]: 'BYR2' (16-bit Bayer BGBG/GRGR)
		Size: Continuous 192x128 - 1920x1200
		Size: Continuous 192x128 - 1920x1080
		Size: Continuous 192x128 - 1280x720
		Size: Continuous 192x128 - 960x600
	[43]: 'GR16' (16-bit Bayer GRGR/BGBG)
		Size: Continuous 192x128 - 1920x1200
		Size: Continuous 192x128 - 1920x1080
		Size: Continuous 192x128 - 1280x720
		Size: Continuous 192x128 - 960x600
	[44]: 'GB16' (16-bit Bayer GBGB/RGRG)
		Size: Continuous 192x128 - 1920x1200
		Size: Continuous 192x128 - 1920x1080
		Size: Continuous 192x128 - 1280x720
		Size: Continuous 192x128 - 960x600
	[45]: 'RG16' (16-bit Bayer RGRG/GBGB)
		Size: Continuous 192x128 - 1920x1200
		Size: Continuous 192x128 - 1920x1080
		Size: Continuous 192x128 - 1280x720
		Size: Continuous 192x128 - 960x600
	[46]: 'YUYV' (YUYV 4:2:2)
		Size: Continuous 192x128 - 1920x1200
		Size: Continuous 192x128 - 1920x1080
		Size: Continuous 192x128 - 1280x720
		Size: Continuous 192x128 - 960x600
	[47]: 'UYVY' (UYVY 4:2:2)
		Size: Continuous 192x128 - 1920x1200
		Size: Continuous 192x128 - 1920x1080
		Size: Continuous 192x128 - 1280x720
		Size: Continuous 192x128 - 960x600
	[48]: 'VYUY' (VYUY 4:2:2)
		Size: Continuous 192x128 - 1920x1200
		Size: Continuous 192x128 - 1920x1080
		Size: Continuous 192x128 - 1280x720
		Size: Continuous 192x128 - 960x600
	[49]: 'YVYU' (YVYU 4:2:2)
		Size: Continuous 192x128 - 1920x1200
		Size: Continuous 192x128 - 1920x1080
		Size: Continuous 192x128 - 1280x720
		Size: Continuous 192x128 - 960x600
	[50]: 'YUYV' (YUYV 4:2:2)
		Size: Continuous 192x128 - 1920x1200
		Size: Continuous 192x128 - 1920x1080
		Size: Continuous 192x128 - 1280x720
		Size: Continuous 192x128 - 960x600
	[51]: 'UYVY' (UYVY 4:2:2)
		Size: Continuous 192x128 - 1920x1200
		Size: Continuous 192x128 - 1920x1080
		Size: Continuous 192x128 - 1280x720
		Size: Continuous 192x128 - 960x600
	[52]: 'VYUY' (VYUY 4:2:2)
		Size: Continuous 192x128 - 1920x1200
		Size: Continuous 192x128 - 1920x1080
		Size: Continuous 192x128 - 1280x720
		Size: Continuous 192x128 - 960x600
	[53]: 'YVYU' (YVYU 4:2:2)
		Size: Continuous 192x128 - 1920x1200
		Size: Continuous 192x128 - 1920x1080
		Size: Continuous 192x128 - 1280x720
		Size: Continuous 192x128 - 960x600
	[54]: 'UYVY' (UYVY 4:2:2)
		Size: Continuous 192x128 - 1920x1200
		Size: Continuous 192x128 - 1920x1080
		Size: Continuous 192x128 - 1280x720
		Size: Continuous 192x128 - 960x600
	[55]: 'VYUY' (VYUY 4:2:2)
		Size: Continuous 192x128 - 1920x1200
		Size: Continuous 192x128 - 1920x1080
		Size: Continuous 192x128 - 1280x720
		Size: Continuous 192x128 - 960x600
	[56]: 'YVYU' (YVYU 4:2:2)
		Size: Continuous 192x128 - 1920x1200
		Size: Continuous 192x128 - 1920x1080
		Size: Continuous 192x128 - 1280x720
		Size: Continuous 192x128 - 960x600
	[57]: 'YUYV' (YUYV 4:2:2)
		Size: Continuous 192x128 - 1920x1200
		Size: Continuous 192x128 - 1920x1080
		Size: Continuous 192x128 - 1280x720
		Size: Continuous 192x128 - 960x600
########## 4c. video4 --all
Driver Info:
	Driver name      : sunxi-vin
	Card type        : sunxi-vin
	Bus info         : platform:5800800.vind
	Driver version   : 1.1.0
	Capabilities     : 0x85201000
		Video Capture Multiplanar
		Read/Write
		Streaming
		Extended Pix Format
		Device Capabilities
	Device Caps      : 0x05201000
		Video Capture Multiplanar
		Read/Write
		Streaming
		Extended Pix Format
Media Driver Info:
	Driver name      : sunxi-vin-media
	Model            : Allwinner Vin
	Serial           : 
	Bus info         : platform:5800800.vind
	Media version    : 6.6.98
	Hardware revision: 0x00000000 (0)
	Driver version   : 6.6.98
Interface Info:
	ID               : 0x0300000e
	Type             : V4L Video
Entity Info:
	ID               : 0x0000000d (13)
	Name             : vin_video4
	Function         : V4L2 I/O
	Pad 0x01000010   : 0: Sink
	  Link 0x02000053: from remote pad 0x100000c of entity 'vin_cap.4': Data, Enabled
Priority: 2
Video input : 0 (sunxi-vin: ok)
Format Video Capture Multiplanar:
	Width/Height      : 1920/1200
	Pixel Format      : 'NV12' (Y/UV 4:2:0)
	Field             : None
	Number of planes  : 1
	Flags             : 
	Colorspace        : JPEG
	Transfer Function : Default
	YCbCr/HSV Encoding: Default
	Quantization      : Default
	Plane 0           :
	   Bytes per Line : 2880
	   Size Image     : 3456000
Streaming Parameters Video Capture Multiplanar:
	Capabilities     : timeperframe
	Frames per second: 120.000 (120/1)
	Read buffers     : 0

User Controls

                     brightness 0x00980900 (int)    : min=-128 max=512 step=1 default=0 value=0 flags=slider
                       contrast 0x00980901 (int)    : min=-128 max=512 step=1 default=0 value=0 flags=slider
                     saturation 0x00980902 (int)    : min=-256 max=512 step=1 default=0 value=0 flags=slider
                            hue 0x00980903 (int)    : min=-180 max=180 step=1 default=0 value=0 flags=slider
        white_balance_automatic 0x0098090c (bool)   : default=1 value=1
                       exposure 0x00980911 (int)    : min=1 max=1048576 step=1 default=1 value=19760 flags=volatile
                 gain_automatic 0x00980912 (bool)   : default=1 value=1
                           gain 0x00980913 (int)    : min=16 max=96000 step=1 default=16 value=56200 flags=volatile
                horizontal_flip 0x00980914 (bool)   : default=0 value=0 flags=volatile
                  vertical_flip 0x00980915 (bool)   : default=0 value=0 flags=volatile
           power_line_frequency 0x00980918 (menu)   : min=0 max=3 default=3 value=3
				0: Disabled
				1: 50 Hz
				2: 60 Hz
				3: Auto
                  hue_automatic 0x00980919 (bool)   : default=1 value=1
      white_balance_temperature 0x0098091a (int)    : min=2800 max=10000 step=1 default=6500 value=6500
                      sharpness 0x0098091b (int)    : min=0 max=1000 step=1 default=0 value=0 flags=slider
                     chroma_agc 0x0098091d (bool)   : default=1 value=1
                  color_effects 0x0098091f (menu)   : min=0 max=15 default=0 value=0
				0: None
				1: Black & White
				2: Sepia
				3: Negative
				4: Emboss
				5: Sketch
				6: Sky Blue
				7: Grass Green
				8: Skin Whiten
				9: Vivid
				10: Aqua
				11: Art Freeze
				12: Silhouette
				13: Solarization
				14: Antique
				15: Set Cb/Cr
           brightness_automatic 0x00980920 (bool)   : default=1 value=1
               band_stop_filter 0x00980921 (int)    : min=0 max=1 step=1 default=1 value=1
                  illuminator_1 0x00980925 (bool)   : default=0 value=0
                  illuminator_2 0x00980926 (bool)   : default=0 value=0
              autofocus_initial 0x00981952 (button) : flags=write-only, execute-on-write
              autofocus_release 0x00981953 (button) : flags=write-only, execute-on-write
                gsensor_rotaion 0x00981954 (int)    : min=-180 max=180 step=90 default=0 value=0
                   take_picture 0x00981956 (int)    : min=0 max=16 step=1 default=0 value=0
        horizontal_visual_angle 0x00981957 (int)    : min=0 max=360 step=1 default=60 value=60 flags=read-only, volatile
          vertical_visual_angle 0x00981958 (int)    : min=0 max=360 step=1 default=60 value=60 flags=read-only, volatile
                   focus_length 0x00981959 (int)    : min=0 max=1000 step=1 default=280 value=280 flags=volatile
                    sensor_type 0x0098195e (menu)   : min=0 max=1 default=0 value=1 flags=volatile
				0: YUV
				1: RAW
            autoexposure_win_x1 0x0098195f (int)    : min=32 max=3264 step=16 default=256 value=256 flags=volatile
            autoexposure_win_y1 0x00981960 (int)    : min=32 max=3264 step=16 default=256 value=256 flags=volatile
            autoexposure_win_x2 0x00981961 (int)    : min=32 max=3264 step=16 default=256 value=256 flags=volatile
            autoexposure_win_y2 0x00981962 (int)    : min=32 max=3264 step=16 default=256 value=256 flags=volatile
               autofocus_win_x1 0x00981963 (int)    : min=32 max=3264 step=16 default=256 value=256 flags=volatile
               autofocus_win_y1 0x00981964 (int)    : min=32 max=3264 step=16 default=256 value=256 flags=volatile
               autofocus_win_x2 0x00981965 (int)    : min=32 max=3264 step=16 default=256 value=256 flags=volatile
               autofocus_win_y2 0x00981966 (int)    : min=32 max=3264 step=16 default=256 value=256 flags=volatile
                 vin_flash_ctrl 0x00981967 (menu)   : min=0 max=2 default=0 value=0
				0: Off
				1: Auto
				2: Red Eye

Camera Controls

                  auto_exposure 0x009a0901 (menu)   : min=0 max=3 default=0 value=0
				0: Auto Mode
				1: Manual Mode
				2: Shutter Priority Mode
				3: Aperture Priority Mode
         exposure_time_absolute 0x009a0902 (int)    : min=1 max=30000000 step=1 default=1 value=8398 flags=volatile
     exposure_dynamic_framerate 0x009a0903 (bool)   : default=0 value=0
                 focus_absolute 0x009a090a (int)    : min=0 max=127 step=1 default=0 value=0
                 focus_relative 0x009a090b (int)    : min=-127 max=127 step=1 default=0 value=0 flags=write-only, execute-on-write
     focus_automatic_continuous 0x009a090c (bool)   : default=1 value=1
             auto_exposure_bias 0x009a0913 (intmenu): min=0 max=8 default=4 value=4
				0: -4 (0xfffffffffffffffc)
				1: -3 (0xfffffffffffffffd)
				2: -2 (0xfffffffffffffffe)
				3: -1 (0xffffffffffffffff)
				4: 0 (0x0)
				5: 1 (0x1)
				6: 2 (0x2)
				7: 3 (0x3)
				8: 4 (0x4)
      white_balance_auto_preset 0x009a0914 (menu)   : min=0 max=9 default=1 value=1
				0: Manual
				1: Auto
				2: Incandescent
				3: Fluorescent
				4: Fluorescent H
				5: Horizon
				6: Daylight
				7: Flash
				8: Cloudy
				9: Shade
             wide_dynamic_range 0x009a0915 (bool)   : default=0 value=0
            image_stabilization 0x009a0916 (bool)   : default=0 value=0
                iso_sensitivity 0x009a0917 (intmenu): min=0 max=6 default=2 value=2
				0: 100 (0x64)
				1: 200 (0xc8)
				2: 400 (0x190)
				3: 800 (0x320)
				4: 1600 (0x640)
				5: 3200 (0xc80)
				6: 6400 (0x1900)
           iso_sensitivity_auto 0x009a0918 (menu)   : min=0 max=1 default=1 value=1
				0: Manual
				1: Auto
         exposure_metering_mode 0x009a0919 (menu)   : min=0 max=3 default=0 value=0
				0: Average
				1: Center Weighted
				2: Spot
				3: Matrix
                     scene_mode 0x009a091a (menu)   : min=0 max=13 default=0 value=0
				0: None
				1: Backlight
				2: Beach/Snow
				3: Candle Light
				4: Dusk/Dawn
				5: Fall Colors
				6: Fireworks
				7: Landscape
				8: Night
				9: Party/Indoor
				10: Portrait
				11: Sports
				12: Sunset
				13: Text
                        3a_lock 0x009a091b (bitmask): max=0x00000007 default=0x00000000 value=0x00000000 flags=volatile
               auto_focus_start 0x009a091c (button) : flags=write-only, execute-on-write
                auto_focus_stop 0x009a091d (button) : flags=write-only, execute-on-write
              auto_focus_status 0x009a091e (bitmask): max=0x00000007 default=0x00000000 value=0x00000000 flags=read-only, volatile
               auto_focus_range 0x009a091f (menu)   : min=0 max=3 default=0 value=0
				0: Auto
				1: Normal
				2: Macro
				3: Infinity

Flash Controls

                       led_mode 0x009c0901 (menu)   : min=0 max=4 default=0 value=0
				0: Off
				1: Flash
				2: Torch
				4: Software
########## 4d. video4 formats
ioctl: VIDIOC_ENUM_FMT
	Type: Video Capture Multiplanar

	[0]: 'RGBP' (16-bit RGB 5-6-5)
		Size: Continuous 192x128 - 1920x1200
		Size: Continuous 192x128 - 1920x1080
		Size: Continuous 192x128 - 1280x720
		Size: Continuous 192x128 - 960x600
	[1]: 'RGB3' (24-bit RGB 8-8-8)
		Size: Continuous 192x128 - 1920x1200
		Size: Continuous 192x128 - 1920x1080
		Size: Continuous 192x128 - 1280x720
		Size: Continuous 192x128 - 960x600
	[2]: 'BGR3' (24-bit BGR 8-8-8)
		Size: Continuous 192x128 - 1920x1200
		Size: Continuous 192x128 - 1920x1080
		Size: Continuous 192x128 - 1280x720
		Size: Continuous 192x128 - 960x600
	[3]: 'RGBO' (16-bit A/XRGB 1-5-5-5)
		Size: Continuous 192x128 - 1920x1200
		Size: Continuous 192x128 - 1920x1080
		Size: Continuous 192x128 - 1280x720
		Size: Continuous 192x128 - 960x600
	[4]: 'R444' (16-bit A/XRGB 4-4-4-4)
		Size: Continuous 192x128 - 1920x1200
		Size: Continuous 192x128 - 1920x1080
		Size: Continuous 192x128 - 1280x720
		Size: Continuous 192x128 - 960x600
	[5]: 'RGB4' (32-bit A/XRGB 8-8-8-8)
		Size: Continuous 192x128 - 1920x1200
		Size: Continuous 192x128 - 1920x1080
		Size: Continuous 192x128 - 1280x720
		Size: Continuous 192x128 - 960x600
	[6]: '422P' (Planar YUV 4:2:2)
		Size: Continuous 192x128 - 1920x1200
		Size: Continuous 192x128 - 1920x1080
		Size: Continuous 192x128 - 1280x720
		Size: Continuous 192x128 - 960x600
	[7]: 'NV16' (Y/UV 4:2:2)
		Size: Continuous 192x128 - 1920x1200
		Size: Continuous 192x128 - 1920x1080
		Size: Continuous 192x128 - 1280x720
		Size: Continuous 192x128 - 960x600
	[8]: 'NM16' (Y/UV 4:2:2 (N-C))
		Size: Continuous 192x128 - 1920x1200
		Size: Continuous 192x128 - 1920x1080
		Size: Continuous 192x128 - 1280x720
		Size: Continuous 192x128 - 960x600
	[9]: 'NV61' (Y/VU 4:2:2)
		Size: Continuous 192x128 - 1920x1200
		Size: Continuous 192x128 - 1920x1080
		Size: Continuous 192x128 - 1280x720
		Size: Continuous 192x128 - 960x600
	[10]: 'NM61' (Y/VU 4:2:2 (N-C))
		Size: Continuous 192x128 - 1920x1200
		Size: Continuous 192x128 - 1920x1080
		Size: Continuous 192x128 - 1280x720
		Size: Continuous 192x128 - 960x600
	[11]: 'YU12' (Planar YUV 4:2:0)
		Size: Continuous 192x128 - 1920x1200
		Size: Continuous 192x128 - 1920x1080
		Size: Continuous 192x128 - 1280x720
		Size: Continuous 192x128 - 960x600
	[12]: 'YM12' (Planar YUV 4:2:0 (N-C))
		Size: Continuous 192x128 - 1920x1200
		Size: Continuous 192x128 - 1920x1080
		Size: Continuous 192x128 - 1280x720
		Size: Continuous 192x128 - 960x600
	[13]: 'YV12' (Planar YVU 4:2:0)
		Size: Continuous 192x128 - 1920x1200
		Size: Continuous 192x128 - 1920x1080
		Size: Continuous 192x128 - 1280x720
		Size: Continuous 192x128 - 960x600
	[14]: 'YM21' (Planar YVU 4:2:0 (N-C))
		Size: Continuous 192x128 - 1920x1200
		Size: Continuous 192x128 - 1920x1080
		Size: Continuous 192x128 - 1280x720
		Size: Continuous 192x128 - 960x600
	[15]: 'NV12' (Y/UV 4:2:0)
		Size: Continuous 192x128 - 1920x1200
		Size: Continuous 192x128 - 1920x1080
		Size: Continuous 192x128 - 1280x720
		Size: Continuous 192x128 - 960x600
	[16]: 'NM12' (Y/UV 4:2:0 (N-C))
		Size: Continuous 192x128 - 1920x1200
		Size: Continuous 192x128 - 1920x1080
		Size: Continuous 192x128 - 1280x720
		Size: Continuous 192x128 - 960x600
	[17]: 'NV21' (Y/VU 4:2:0)
		Size: Continuous 192x128 - 1920x1200
		Size: Continuous 192x128 - 1920x1080
		Size: Continuous 192x128 - 1280x720
		Size: Continuous 192x128 - 960x600
	[18]: 'NM21' (Y/VU 4:2:0 (N-C))
		Size: Continuous 192x128 - 1920x1200
		Size: Continuous 192x128 - 1920x1080
		Size: Continuous 192x128 - 1280x720
		Size: Continuous 192x128 - 960x600
	[19]: 'TM12' (Y/UV 4:2:0 (64x32 MB, N-C))
		Size: Continuous 192x128 - 1920x1200
		Size: Continuous 192x128 - 1920x1080
		Size: Continuous 192x128 - 1280x720
		Size: Continuous 192x128 - 960x600
	[20]: 'GREY' (8-bit Greyscale)
		Size: Continuous 192x128 - 1920x1200
		Size: Continuous 192x128 - 1920x1080
		Size: Continuous 192x128 - 1280x720
		Size: Continuous 192x128 - 960x600
	[21]: 'FC21' (YUV 4:2:0 non-contig. 2p, FBC)
		Size: Continuous 192x128 - 1920x1200
		Size: Continuous 192x128 - 1920x1080
		Size: Continuous 192x128 - 1280x720
		Size: Continuous 192x128 - 960x600
	[22]: 'LC21' (YUV 4:2:0 non-contig. 2p, LBC_2)
		Size: Continuous 192x128 - 1920x1200
		Size: Continuous 192x128 - 1920x1080
		Size: Continuous 192x128 - 1280x720
		Size: Continuous 192x128 - 960x600
	[23]: 'LC22' (YUV 4:2:0 non-contig. 2p, LBC_2)
		Size: Continuous 192x128 - 1920x1200
		Size: Continuous 192x128 - 1920x1080
		Size: Continuous 192x128 - 1280x720
		Size: Continuous 192x128 - 960x600
	[24]: 'LC23' (YUV 4:2:0 non-contig. 2p, LBC_1)
		Size: Continuous 192x128 - 1920x1200
		Size: Continuous 192x128 - 1920x1080
		Size: Continuous 192x128 - 1280x720
		Size: Continuous 192x128 - 960x600
	[25]: 'LC24' (YUV 4:2:0 non-contig. 2p, LBC_1)
		Size: Continuous 192x128 - 1920x1200
		Size: Continuous 192x128 - 1920x1080
		Size: Continuous 192x128 - 1280x720
		Size: Continuous 192x128 - 960x600
	[26]: 'BA81' (8-bit Bayer BGBG/GRGR)
		Size: Continuous 192x128 - 1920x1200
		Size: Continuous 192x128 - 1920x1080
		Size: Continuous 192x128 - 1280x720
		Size: Continuous 192x128 - 960x600
	[27]: 'GBRG' (8-bit Bayer GBGB/RGRG)
		Size: Continuous 192x128 - 1920x1200
		Size: Continuous 192x128 - 1920x1080
		Size: Continuous 192x128 - 1280x720
		Size: Continuous 192x128 - 960x600
	[28]: 'GRBG' (8-bit Bayer GRGR/BGBG)
		Size: Continuous 192x128 - 1920x1200
		Size: Continuous 192x128 - 1920x1080
		Size: Continuous 192x128 - 1280x720
		Size: Continuous 192x128 - 960x600
	[29]: 'RGGB' (8-bit Bayer RGRG/GBGB)
		Size: Continuous 192x128 - 1920x1200
		Size: Continuous 192x128 - 1920x1080
		Size: Continuous 192x128 - 1280x720
		Size: Continuous 192x128 - 960x600
	[30]: 'BG10' (10-bit Bayer BGBG/GRGR)
		Size: Continuous 192x128 - 1920x1200
		Size: Continuous 192x128 - 1920x1080
		Size: Continuous 192x128 - 1280x720
		Size: Continuous 192x128 - 960x600
	[31]: 'GB10' (10-bit Bayer GBGB/RGRG)
		Size: Continuous 192x128 - 1920x1200
		Size: Continuous 192x128 - 1920x1080
		Size: Continuous 192x128 - 1280x720
		Size: Continuous 192x128 - 960x600
	[32]: 'BA10' (10-bit Bayer GRGR/BGBG)
		Size: Continuous 192x128 - 1920x1200
		Size: Continuous 192x128 - 1920x1080
		Size: Continuous 192x128 - 1280x720
		Size: Continuous 192x128 - 960x600
	[33]: 'RG10' (10-bit Bayer RGRG/GBGB)
		Size: Continuous 192x128 - 1920x1200
		Size: Continuous 192x128 - 1920x1080
		Size: Continuous 192x128 - 1280x720
		Size: Continuous 192x128 - 960x600
	[34]: 'BG12' (12-bit Bayer BGBG/GRGR)
		Size: Continuous 192x128 - 1920x1200
		Size: Continuous 192x128 - 1920x1080
		Size: Continuous 192x128 - 1280x720
		Size: Continuous 192x128 - 960x600
	[35]: 'GB12' (12-bit Bayer GBGB/RGRG)
		Size: Continuous 192x128 - 1920x1200
		Size: Continuous 192x128 - 1920x1080
		Size: Continuous 192x128 - 1280x720
		Size: Continuous 192x128 - 960x600
	[36]: 'BA12' (12-bit Bayer GRGR/BGBG)
		Size: Continuous 192x128 - 1920x1200
		Size: Continuous 192x128 - 1920x1080
		Size: Continuous 192x128 - 1280x720
		Size: Continuous 192x128 - 960x600
	[37]: 'RG12' (12-bit Bayer RGRG/GBGB)
		Size: Continuous 192x128 - 1920x1200
		Size: Continuous 192x128 - 1920x1080
		Size: Continuous 192x128 - 1280x720
		Size: Continuous 192x128 - 960x600
	[38]: 'BG14' (14-bit Bayer BGBG/GRGR)
		Size: Continuous 192x128 - 1920x1200
		Size: Continuous 192x128 - 1920x1080
		Size: Continuous 192x128 - 1280x720
		Size: Continuous 192x128 - 960x600
	[39]: 'GR14' (14-bit Bayer GRGR/BGBG)
		Size: Continuous 192x128 - 1920x1200
		Size: Continuous 192x128 - 1920x1080
		Size: Continuous 192x128 - 1280x720
		Size: Continuous 192x128 - 960x600
	[40]: 'GB14' (14-bit Bayer GBGB/RGRG)
		Size: Continuous 192x128 - 1920x1200
		Size: Continuous 192x128 - 1920x1080
		Size: Continuous 192x128 - 1280x720
		Size: Continuous 192x128 - 960x600
	[41]: 'RG14' (14-bit Bayer RGRG/GBGB)
		Size: Continuous 192x128 - 1920x1200
		Size: Continuous 192x128 - 1920x1080
		Size: Continuous 192x128 - 1280x720
		Size: Continuous 192x128 - 960x600
	[42]: 'BYR2' (16-bit Bayer BGBG/GRGR)
		Size: Continuous 192x128 - 1920x1200
		Size: Continuous 192x128 - 1920x1080
		Size: Continuous 192x128 - 1280x720
		Size: Continuous 192x128 - 960x600
	[43]: 'GR16' (16-bit Bayer GRGR/BGBG)
		Size: Continuous 192x128 - 1920x1200
		Size: Continuous 192x128 - 1920x1080
		Size: Continuous 192x128 - 1280x720
		Size: Continuous 192x128 - 960x600
	[44]: 'GB16' (16-bit Bayer GBGB/RGRG)
		Size: Continuous 192x128 - 1920x1200
		Size: Continuous 192x128 - 1920x1080
		Size: Continuous 192x128 - 1280x720
		Size: Continuous 192x128 - 960x600
	[45]: 'RG16' (16-bit Bayer RGRG/GBGB)
		Size: Continuous 192x128 - 1920x1200
		Size: Continuous 192x128 - 1920x1080
		Size: Continuous 192x128 - 1280x720
		Size: Continuous 192x128 - 960x600
	[46]: 'YUYV' (YUYV 4:2:2)
		Size: Continuous 192x128 - 1920x1200
		Size: Continuous 192x128 - 1920x1080
		Size: Continuous 192x128 - 1280x720
		Size: Continuous 192x128 - 960x600
	[47]: 'UYVY' (UYVY 4:2:2)
		Size: Continuous 192x128 - 1920x1200
		Size: Continuous 192x128 - 1920x1080
		Size: Continuous 192x128 - 1280x720
		Size: Continuous 192x128 - 960x600
	[48]: 'VYUY' (VYUY 4:2:2)
		Size: Continuous 192x128 - 1920x1200
		Size: Continuous 192x128 - 1920x1080
		Size: Continuous 192x128 - 1280x720
		Size: Continuous 192x128 - 960x600
	[49]: 'YVYU' (YVYU 4:2:2)
		Size: Continuous 192x128 - 1920x1200
		Size: Continuous 192x128 - 1920x1080
		Size: Continuous 192x128 - 1280x720
		Size: Continuous 192x128 - 960x600
	[50]: 'YUYV' (YUYV 4:2:2)
		Size: Continuous 192x128 - 1920x1200
		Size: Continuous 192x128 - 1920x1080
		Size: Continuous 192x128 - 1280x720
		Size: Continuous 192x128 - 960x600
	[51]: 'UYVY' (UYVY 4:2:2)
		Size: Continuous 192x128 - 1920x1200
		Size: Continuous 192x128 - 1920x1080
		Size: Continuous 192x128 - 1280x720
		Size: Continuous 192x128 - 960x600
	[52]: 'VYUY' (VYUY 4:2:2)
		Size: Continuous 192x128 - 1920x1200
		Size: Continuous 192x128 - 1920x1080
		Size: Continuous 192x128 - 1280x720
		Size: Continuous 192x128 - 960x600
	[53]: 'YVYU' (YVYU 4:2:2)
		Size: Continuous 192x128 - 1920x1200
		Size: Continuous 192x128 - 1920x1080
		Size: Continuous 192x128 - 1280x720
		Size: Continuous 192x128 - 960x600
	[54]: 'UYVY' (UYVY 4:2:2)
		Size: Continuous 192x128 - 1920x1200
		Size: Continuous 192x128 - 1920x1080
		Size: Continuous 192x128 - 1280x720
		Size: Continuous 192x128 - 960x600
	[55]: 'VYUY' (VYUY 4:2:2)
		Size: Continuous 192x128 - 1920x1200
		Size: Continuous 192x128 - 1920x1080
		Size: Continuous 192x128 - 1280x720
		Size: Continuous 192x128 - 960x600
	[56]: 'YVYU' (YVYU 4:2:2)
		Size: Continuous 192x128 - 1920x1200
		Size: Continuous 192x128 - 1920x1080
		Size: Continuous 192x128 - 1280x720
		Size: Continuous 192x128 - 960x600
	[57]: 'YUYV' (YUYV 4:2:2)
		Size: Continuous 192x128 - 1920x1200
		Size: Continuous 192x128 - 1920x1080
		Size: Continuous 192x128 - 1280x720
		Size: Continuous 192x128 - 960x600
########## 5. sensor subdev

User Controls

                       exposure 0x00980911 (int)    : min=0 max=1048576 step=1 default=0 value=19760 flags=volatile, execute-on-write
                           gain 0x00980913 (int)    : min=1600 max=409600 step=1 default=1600 value=56200 flags=volatile, execute-on-write
                horizontal_flip 0x00980914 (bool)   : default=0 value=0
                  vertical_flip 0x00980915 (bool)   : default=0 value=0
                     frame_rate 0x00981955 (int)    : min=0 max=240 step=1 default=0 value=0
        temperature_approx_degc 0x009819c0 (int)    : min=-40 max=150 step=1 default=0 value=0 flags=read-only, volatile

Image Processing Controls

                   test_pattern 0x009f0903 (menu)   : min=0 max=4 default=0 value=0
--- subdev names
/dev/v4l-subdev0 
/dev/v4l-subdev1 
/dev/v4l-subdev10 
/dev/v4l-subdev11 
/dev/v4l-subdev12 
/dev/v4l-subdev13 
/dev/v4l-subdev14 
/dev/v4l-subdev15 
/dev/v4l-subdev16 
/dev/v4l-subdev17 
/dev/v4l-subdev18 
/dev/v4l-subdev2 
/dev/v4l-subdev3 
/dev/v4l-subdev4 
/dev/v4l-subdev5 
/dev/v4l-subdev6 
/dev/v4l-subdev7 
/dev/v4l-subdev8 
/dev/v4l-subdev9 
########## 6. debugfs mpp
mipi
vi
--- mpp/vi
*****************************************************
VIN hardware feature list:
mcsi 3, ncsi 2, parser 3, isp 1, vipp 4, dma 6
CSI_VERSION: CSI300_500, ISP_VERSION: ISP602_100
CSI_CLK: 324000000, ISP_CLK: 324000000
*****************************************************
vi0:
ar0234_mipi => mipi0 => csi0 => tdm_rx0 => isp0 => vipp0
input => hoff: 0, voff: 0, w: 1920, h: 1200, fmt: GRBG10
output => width: 1920, height: 1200, fmt: NV12
interface: MIPI, isp_mode: NORMAL, hflip: 0, vflip: 0
prs_in => x: 1920, y: 1200, hb: 478, hs: 1724
bkuf => cnt: 4 size: 3457024 rest: 4, work_mode: online
frame => cnt: 2401, lost_cnt: 0, error_cnt: 0
internal => avg: 8(ms), max: 8(ms), min: 7(ms)
CSI Bandwidth: 0
*****************************************************
vi4:
ar0234_mipi => mipi0 => csi0 => tdm_rx0 => isp0 => vipp4
input => hoff: 0, voff: 0, w: 1920, h: 1200, fmt: GRBG10
output => width: 1920, height: 1200, fmt: NV12
interface: MIPI, isp_mode: NORMAL, hflip: 0, vflip: 0
prs_in => x: 1920, y: 1200, hb: 478, hs: 1724
bkuf => cnt: 4 size: 3457024 rest: 4, work_mode: online
frame => cnt: 1787, lost_cnt: 0, error_cnt: 0
internal => avg: 8(ms), max: 8(ms), min: 7(ms)
CSI Bandwidth: 0
*****************************************************
vi8:
(efault) => mipi1 => csi1 => tdm_rx0 => isp0 => vipp8
input => hoff: 0, voff: 0, w: 0, h: 0, fmt: NULL
output => width: 0, height: 0, fmt: NULL
interface: NULL, isp_mode: NORMAL, hflip: 0, vflip: 0
prs_in => x: 0, y: 0, hb: 0, hs: 0
bkuf => cnt: 0 size: 0 rest: 0, work_mode: online
frame => cnt: 0, lost_cnt: 0, error_cnt: 0
internal => avg: 0(ms), max: 0(ms), min: 0(ms)
CSI Bandwidth: 0
*****************************************************
--- mpp/isp
cat: /sys/kernel/debug/mpp/isp: No such file or directory
--- mpp/ve
cat: /sys/kernel/debug/mpp/ve: No such file or directory
--- mpp others
== /sys/kernel/debug/mpp/mipi
*************** MIPI Register Status List **************
------------------ PHY COMMON Register -----------------
phy_link_mode:	 0x0 (unrecognized link mode)

-------------- PHY Digital Layer Register --------------
[mipi0]
phy_en:		 disabled

[mipi1]
phy_en:		 disabled

[mipi2]
phy_en:		 disabled

-------------- PORT Payload Layer Register -------------
[mipi0]
port_en:	 disabled

[mipi1]
port_en:	 disabled

[mipi2]
port_en:	 disabled

********************************************************

########## 7. clocks (camera/ve/g2d/npu related)
 sys24M                              11      14       0        24000000    0          0     50000      Y   5800800.vind                    csi_mclk2_24m            
                                                                                                           5800800.vind                    csi_mclk1_24m            
                                                                                                           5800800.vind                    csi_mclk0_24m            
    csi-master2                      0       1        0        24000000    0          0     50000      N      5800800.vind                    csi_mclk2                
    csi-master1                      0       1        0        24000000    0          0     50000      N      5800800.vind                    csi_mclk1                
    csi-master0                      0       1        0        24000000    0          0     50000      N      5800800.vind                    csi_mclk0                
                                                                                                              8870000.cpupll_ccu              dcxo                     
       pll-cpu-dsu                   2       2        0        780000000   0          0     50000      Y         deviceless                      no_connection_id         
       pll-cpu-b                     2       2        0        2002000000  0          0     50000      Y         cpu6                            no_connection_id         
       pll-cpu-l                     2       2        0        1794000000  0          0     50000      Y         cpu0                            no_connection_id         
       pll-cpu-back                  1       1        0        1924000000  0          0     50000      Y         deviceless                      no_connection_id         
       pll-ref                       5       9        0        24000000    0          0     50000      Y         deviceless                      no_connection_id         
          pll-de                     0       1        0        1200000000  0          0     50000      N            deviceless                      no_connection_id         
             pll-de-3x               0       1        0        600000000   0          0     50000      Y               deviceless                      no_connection_id         
             pll-de-4x               0       0        0        600000000   0          0     50000      Y               deviceless                      no_connection_id         
          pll-npu                    1       2        0        1008000000  0          0     50000      Y            npu@3600000                     clk_parent               
                                                                                                                    npu@3600000                     no_connection_id         
             npu                     1       2        0        1008000000  0          0     50000      Y               3600000.npu                     no_connection_id         
                                                                                                                       npu@3600000                     clk_npu                  
                                                                                                                       npu@3600000                     no_connection_id         
          pll-audio1                 0       0        0        3072000000  0          0     50000      N            deviceless                      no_connection_id         
             pll-audio1-div5         0       0        0        614400000   0          0     50000      Y               i2s3_plat@2535000               clk_pll_audio1_div5      
             pll-audio1-div2         0       0        0        1536000000  0          0     50000      Y               deviceless                      no_connection_id         
          pll-audio0-4x              0       0        0        90316800    0          0     50000      N            i2s3_plat@2535000               clk_pll_audio0_4x        
          pll-ve1                    0       2        0        696000000   0          0     50000      N            1c10000.ve2                     pll_ve                   
                                                                                                                    ve2@1c10000                     no_connection_id         
             ve-enc0                 0       1        0        696000000   0          0     50000      N               1c10000.ve2                     ve                       
                                                                                                                       ve2@1c10000                     no_connection_id         
          pll-ve0                    0       2        0        546000000   0          0     50000      N            1c0e000.ve                      pll_ve                   
                                                                                                                    ve@1c0e000                      no_connection_id         
             ve-dec                  0       1        0        546000000   0          0     50000      N               1c0e000.ve                      ve                       
                                                                                                                       ve@1c0e000                      no_connection_id         
          pll-video2                 0       0        0        2376000000  0          0     50000      N            deviceless                      no_connection_id         
             pll-video2-3x           0       0        0        792000000   0          0     50000      Y               deviceless                      no_connection_id         
             pll-video2-4x           0       0        0        1188000000  0          0     50000      Y               deviceless                      no_connection_id         
          pll-video1                 1       1        0        2376000000  0          0     50000      Y            deviceless                      no_connection_id         
             pll-video1-3x           0       0        0        792000000   0          0     50000      Y               deviceless                      no_connection_id         
             pll-video1-4x           1       1        0        1188000000  0          0     50000      Y               deviceless                      no_connection_id         
          pll-video0                 0       2        0        1296000000  0          0     50000      N            deviceless                      no_connection_id         
             pll-video0-3x           0       3        0        432000000   0          0     50000      Y               5800800.vind                    csi_mclk2_pll            
                                                                                                                       5800800.vind                    csi_mclk1_pll            
                                                                                                                       5800800.vind                    csi_mclk0_pll            
             pll-video0-4x           0       4        0        324000000   0          0     50000      Y               5800800.vind                    csi_isp_src              
                                                                                                                       5800800.vind                    csi_top_src              
                isp                  0       1        0        324000000   0          0     50000      N                  5800800.vind                    csi_isp                  
                csi                  0       1        0        324000000   0          0     50000      N                  5800800.vind                    csi_top                  
          pll-gpu                    0       0        0        1008000000  0          0     50000      N            1800000.gpu                     no_connection_id         
                                                                                                                    gpu@1800000                     clk_parent               
          pll-peri1                  1       1        0        2400000000  0          0     50000      Y            deviceless                      no_connection_id         
             pll-peri1-480m          0       0        0        480000000   0          0     50000      Y               deviceless                      no_connection_id         
                pll-peri1-160m       0       0        0        160000000   0          0     50000      Y                  deviceless                      no_connection_id         
             pll-peri1-800m          0       0        0        800000000   0          0     50000      Y               deviceless                      no_connection_id         
             pll-peri1-2x            2       2        0        1200000000  0          0     50000      Y               deviceless                      no_connection_id         
                pll-peri1-400m       1       1        0        400000000   0          0     50000      Y                  deviceless                      no_connection_id         
                   pll-peri1-200m    0       0        0        200000000   0          0     50000      Y                     deviceless                      no_connection_id         
                pll-peri1-600m       1       1        0        600000000   0          0     50000      Y                  deviceless                      no_connection_id         
                   pll-peri1-300m    1       1        0        300000000   0          0     50000      Y                     deviceless                      no_connection_id         
                      pll-peri1-150m 0       0        0        150000000   0          0     50000      Y                        deviceless                      no_connection_id         
          pll-peri0                  2       2        0        2400000000  0          0     50000      Y            deviceless                      no_connection_id         
             pll-peri0-480m          1       1        0        480000000   0          0     50000      Y               deviceless                      no_connection_id         
                pll-peri0-160m       0       0        0        160000000   0          0     50000      Y                  deviceless                      no_connection_id         
                   pll-peri0-16m     0       0        0        16000000    0          0     50000      Y                     deviceless                      no_connection_id         
             pll-peri0-800m          0       0        0        800000000   0          0     50000      Y               gpu@1800000                     clk_800                  
             pll-peri0-2x            2       2        0        1200000000  0          0     50000      Y               deviceless                      no_connection_id         
                pll-peri0-400m       2       2        0        400000000   0          0     50000      Y                  gpu@1800000                     clk_400                  
                   gpu0              0       0        0        400000000   0          0     50000      N                     gpu@1800000                     clk                      
                   pll-peri0-200m    3       3        0        200000000   0          0     50000      Y                     gpu@1800000                     clk_200                  
                                                                                                                             4520000.ufs                     pll_periph               
                pll-peri0-600m       4       5        0        600000000   0          0     50000      Y                  gpu@1800000                     clk_600                  
                   pll-peri0-300m    1       1        0        300000000   0          0     50000      Y                     gpu@1800000                     clk_300                  
                      g2d            0       0        0        300000000   0          0     50000      N                        deviceless                      no_connection_id         
                      pll-peri0-150m 0       0        0        150000000   0          0     50000      Y                        deviceless                      no_connection_id         
                         pll-peri0-25m 0       0        0        25000000    0          0     50000      Y                           deviceless                      no_connection_id         
          pll-ddr                    0       0        0        2400000000  0          0     50000      Y            2020000.nsi-controller          pll                      
                                                                                                                    2020000.nsi-controller          pll                      
       gpu0-ahb-gate                 1       1        0        26000000    0          0     50000      Y         deviceless                      no_connection_id         
       npu-ahb-gate                  2       3        0        26000000    0          0     50000      Y         npu@3600000                     clk_ahb_gate             
                                                                                                                 npu@3600000                     no_connection_id         
       ve-enc-ahb-gate               1       2        0        26000000    0          0     50000      N         1c10000.ve2                     ahb_gate                 
                                                                                                                 ve2@1c10000                     no_connection_id         
########## 8. iommu groups
== /sys/kernel/iommu_groups/0
1c0e000.ve
1c10000.ve2
5000000.de
5400000.deinterlace
5800800.vind:scaler@16
5830000.vinc
5831000.vinc
5832000.vinc
5900000.isp
5908000.tdm
5910000.scaler
5910400.scaler
5910800.scaler
soc@3000000:sunxi-drm
soc@3000000:ve1@1c0e000
########## 9. dma-buf

Dma-buf Objects:
size    	flags   	mode    	count   	exp_name	ino     	name
03145728	00000002	00080007	00000003	drm	00000001	<none>
	write fence:pvrsrvkm rogue-ta3d seq 250 signalled
	Attached Devices:
	1800000.gpu
Total 1 devices attached


Total 1 objects, 3145728 bytes
total 0
crw-rw---- 1 root video 253, 1 Sep 16 11:00 reserved
crw-rw---- 1 root video 253, 0 Sep 16 11:00 system
########## 10. thermal
/sys/class/thermal/thermal_zone0 cpub_thermal_zone 45756
/sys/class/thermal/thermal_zone1 ddr_thermal_zone 44764
/sys/class/thermal/thermal_zone2 npu_thermal_zone 45260
/sys/class/thermal/thermal_zone3 cpul_thermal_zone 46190
/sys/class/thermal/thermal_zone4 gpu_thermal_zone 44826
/sys/class/thermal/thermal_zone5 cpul_idle_zone 45756
/sys/class/thermal/thermal_zone6 cpub_idle_zone 46190
/sys/class/thermal/thermal_zone7 skin_zone 33238
--- cooling devices
cooling_device0
cooling_device1
cooling_device2
cooling_device3
cooling_device4
cooling_device5
cooling_device6
cooling_device7
cooling_device8
cooling_device9
########## 11. lsmod
Module                  Size  Used by
rfcomm                 49152  4
bnep                   24576  2
hci_uart               24576  1
aic8800_btlpm          16384  0
pvrsrvkm             1306624  16
goodix_ts              24576  0
pwm_fan                12288  0
deinterlace            98304  0
vipcore               245760  0
sunxi_ve               45056  0
sun55iw3_devfreq       20480  0
aic8800_fdrv          311296  0
aic8800_bsp            81920  1 aic8800_fdrv
ar0234_mipi            20480  0
vin_v4l2              278528  1
videobuf2_dma_contig    16384  1 vin_v4l2
vin_io                 61440  3 ar0234_mipi,vin_v4l2
########## 12. module params
== ar0234_mipi
  flash_delay = 0
  flash_enable = N
  frame_rate = 0
  trigger_mode = 0
== vin_v4l2
  act_name = 
  act_slave = 255
  ccm0 = 
  ccm1 = 
  d3d_min_vblank_us = 500
  i2c0_addr = 255
  i2c1_addr = 255
  use_sensor_list = 255
== vin_io
  ccm0 = 
  ccm1 = 
########## 13. services
active
● ar0234-3ad.service - AR0234 camera 3A (libisp AE/AWB) for every sunxi-vin stream
     Loaded: loaded (/etc/systemd/system/ar0234-3ad.service; enabled; vendor preset: enabled)
     Active: active (running) since Wed 2026-09-16 11:00:24 UTC; 1h 30min ago
   Main PID: 649 (ar0234-3ad)
      Tasks: 1 (limit: 4579)
     Memory: 2.6M
        CPU: 22.784s
     CGroup: /system.slice/ar0234-3ad.service
             └─649 /usr/local/bin/ar0234-3ad

Sep 16 11:03:51 orangepizero3w ar0234-3ad[649]: ar0234-3ad: stream stopped
Sep 16 11:03:51 orangepizero3w ar0234-3ad[649]: ar0234-3ad: stream 1920x1200, 119 fps
Sep 16 11:03:51 orangepizero3w ar0234-3ad[4321]: ar0234-3ad: 3A running on isp0 for 1920x1200@119
Sep 16 11:04:21 orangepizero3w ar0234-3ad[649]: ar0234-3ad: stream stopped
Sep 16 11:07:33 orangepizero3w ar0234-3ad[649]: ar0234-3ad: stream 1920x1200, 120 fps
Sep 16 11:07:33 orangepizero3w ar0234-3ad[6088]: ar0234-3ad: 3A running on isp0 for 1920x1200@120
Sep 16 11:07:53 orangepizero3w ar0234-3ad[649]: ar0234-3ad: stream stopped
Sep 16 11:07:54 orangepizero3w ar0234-3ad[649]: ar0234-3ad: stream 1920x1200, 119 fps
Sep 16 11:07:54 orangepizero3w ar0234-3ad[6090]: ar0234-3ad: 3A running on isp0 for 1920x1200@119
Sep 16 11:08:09 orangepizero3w ar0234-3ad[649]: ar0234-3ad: stream stopped
--- modules-load.d
ar0234.conf
cups-filters.conf
modules.conf
# AR0234 camera on MIPI-A
vin_v4l2
# Parallel printer driver modules loading for cups
# LOAD_LP_MODULE was 'yes' in /etc/default/cups
#lp
#ppdev
#parport_pc
aic8800_fdrv
aic8800_btlpm
--- udev rules
10-wifi-disable-powermanagement.rules
50-usb-realtek-net.rules
99-ar0234-camera.rules
99-t527-permissions.rules
/etc/udev/rules.d/99-ar0234-camera.rules
/etc/udev/rules.d/99-t527-permissions.rules
--- isp params
total 120
drwxr-xr-x 2 root root   4096 Sep 15 16:36 ar0234
-rw-r--r-- 1 root root 116358 Sep 16 08:11 isp_param_config.bin
ls: cannot access '/etc/ar0234.conf': No such file or directory
########## 14. PWM / GPIO
total 0
lrwxrwxrwx 1 root root 0 Jan  1  1970 pwmchip0 -> ../../devices/platform/soc@3000000/2527000.pwm/pwm/pwmchip0
lrwxrwxrwx 1 root root 0 Jan  1  1970 pwmchip10 -> ../../devices/platform/soc@3000000/2528000.pwm/pwm/pwmchip10
lrwxrwxrwx 1 root root 0 Jan  1  1970 pwmchip20 -> ../../devices/platform/soc@3000000/7023000.pwm/pwm/pwmchip20
/sys/class/pwm/pwmchip0 npwm=10
/sys/class/pwm/pwmchip10 npwm=10
/sys/class/pwm/pwmchip20 npwm=10
total 0
--w------- 1 root root 4096 Jan  1  1970 export
lrwxrwxrwx 1 root root    0 Jan  1  1970 gpiochip0 -> ../../devices/platform/soc@3000000/2000000.pinctrl/gpio/gpiochip0
lrwxrwxrwx 1 root root    0 Jan  1  1970 gpiochip352 -> ../../devices/platform/soc@3000000/7025000.pinctrl/gpio/gpiochip352
--w------- 1 root root 4096 Jan  1  1970 unexport
/dev/gpiochip0
/dev/gpiochip1
--- gpiochip labels
/sys/class/gpio/gpiochip0 2000000.pinctrl
/sys/class/gpio/gpiochip352 7025000.pinctrl
########## 15. NPU / GPU
total 0
-rw-r--r-- 1 root root 0 Sep 16 11:00 clk_freq
-rw-r--r-- 1 root root 0 Sep 16 11:00 core_loading
-rw-r--r-- 1 root root 0 Sep 16 11:00 dump_mmu_table
-rw-r--r-- 1 root root 0 Sep 16 11:00 hang_dump
-rw-r--r-- 1 root root 0 Sep 16 11:00 mem_mapping
-rw-r--r-- 1 root root 0 Sep 16 11:00 mem_profile
-rw-r--r-- 1 root root 0 Sep 16 11:00 multi_vip
-rw-r--r-- 1 root root 0 Sep 16 11:00 pc_value
-rw-r--r-- 1 root root 0 Sep 16 11:00 register_rw
-rw-r--r-- 1 root root 0 Sep 16 11:00 rt_net_profile
-rw-r--r-- 1 root root 0 Sep 16 11:00 suspend
-rw-r--r-- 1 root root 0 Sep 16 11:00 vip_freq
-rw-r--r-- 1 root root 0 Sep 16 11:00 vip_info
== /sys/kernel/debug/viplite/clk_freq
supported frequencies:
       492000000 (Hz)
       852000000 (Hz)
      1008000000 (Hz) <---- current freq
== /sys/kernel/debug/viplite/core_loading
NPU Loading -----> Core0:  0% 
== /sys/kernel/debug/viplite/dump_mmu_table
vip not working...
== /sys/kernel/debug/viplite/hang_dump
vip not working...
== /sys/kernel/debug/viplite/mem_mapping
vip not working...
== /sys/kernel/debug/viplite/mem_profile
video memory profile
 ------------------------------------------------------------------------------
|       current(byte)    |      peak(byte)    |   alloc count   |   free count 
|------------------------------------------------------------------------------
|      0x00000000        |     0x00000000     |      0         |    0     
== /sys/kernel/debug/viplite/multi_vip
current config: {1}
config multi-vip: echo {1} > /sys/kernel/debug/viplite/multi_vip
== /sys/kernel/debug/viplite/pc_value
vip not working, fail to get pc value
== /sys/kernel/debug/viplite/register_rw
usage: echo > [option] [dev-index ][core-index] [address] (value) > register_rw
  echo > [w --write] [dev-index] [core-index] [register address] [write val] > register_rw
  echo > [r  --read] [dev-index] [core-index] [register address] > register_rw
  eg: echo r 0 0 0x30 > register_rw
      echo w 0 0 0x00 0x00070900 > register_rw

== /sys/kernel/debug/viplite/rt_net_profile
vip not working, fail to show network profile
== /sys/kernel/debug/viplite/suspend
suspend vip command: echo 1 > /sys/kernel/debug/viplite/suspend
resume vip command: echo 0 > /sys/kernel/debug/viplite/suspend
== /sys/kernel/debug/viplite/vip_freq
dev0 hw0 Core Frequency=39 HZ
dev0 hw0 PPU  Frequency=1007985024 HZ
== /sys/kernel/debug/viplite/vip_info
dev0 hw0 info: pid=0x1000003b, date=0x20230518, ver1=0x9000, ver2=0x9202.
total 0
drwxr-xr-x 2 root root 0 Sep 16 11:00 apphint
drwxr-xr-x 2 root root 0 Sep 16 11:00 buildvar
-r--r--r-- 1 root root 0 Sep 16 11:00 cacheop_config
-r--r--r-- 1 root root 0 Sep 16 11:00 driver_stats
drwxr-xr-x 3 root root 0 Sep 16 11:00 gpu00
-r--r--r-- 1 root root 0 Sep 16 11:00 status
-r--r--r-- 1 root root 0 Sep 16 11:00 version
ls: cannot access '/usr/lib/libVIPlite.so': No such file or directory
ls: cannot access '/usr/lib/libvencoder.so': No such file or directory
ls: cannot access '/usr/lib/libvdecoder.so': No such file or directory
ls: cannot access '/usr/lib/libAWIspApi.so': No such file or directory
ls: cannot access '/usr/lib/libisp.so': No such file or directory
-rw-rw-r-- 1 root root 174560 Oct 16  2025 /usr/lib/libNBGlinker.so
lrwxrwxrwx 1 1004 1006     14 Apr  2  2025 /usr/lib/libOpenCL.so -> libPVROCL.so.1
lrwxrwxrwx 1 1004 1006     14 Apr  2  2025 /usr/lib/libOpenCL.so.1 -> libPVROCL.so.1
-rw-rw-r-- 1 root root  39248 Oct 16  2025 /usr/lib/libVIPhal.so
ls: cannot access '/usr/include/CL': No such file or directory
ls: cannot access '/usr/include/EGL': No such file or directory
ls: cannot access '/usr/include/GLES2': No such file or directory
ls: cannot access '/usr/include/vulkan': No such file or directory
ls: cannot access '/usr/include/libdrm': No such file or directory
/usr/include/vip_lite.h
-rwxr--r-- 1 orangepi orangepi  29680 Sep  4  2025 /usr/bin/AWISPdemo
-rwxr-xr-x 1     1002     1002 168216 Apr 11  2025 /usr/bin/demoVencoder
-rwxr-xr-x 1 root     root      10432 Dec 22  2018 /usr/bin/glxdemo
-rwxr-xr-x 1     1002     1002  64936 Apr 11  2025 /usr/bin/vdecoderdemo
-rwxr-xr-x 1     1002     1002  64936 Apr 11  2025 /usr/bin/vdecoderdemo
-rwxr-xr-x 1 root     root     221000 Jun  6  2021 /usr/bin/xscreensaver-demo
########## 16. userspace test binaries
total 6160
drwxr-xr-x 2 orangepi orangepi    4096 Sep 15 10:38 an
-rw-r--r-- 1 orangepi orangepi   23928 Jul 29 20:09 ar0234_10bit.ko
-rw-r--r-- 1 orangepi orangepi   32324 Jul 29 20:09 ar0234_10bit.ko.b64
-rwxr-xr-x 1 orangepi orangepi   14688 Sep 15 10:03 ar0234_3a
-rw-r--r-- 1 orangepi orangepi    3978 Sep 15 10:03 ar0234_3a.c
-rw-r--r-- 1 orangepi orangepi  136408 Sep 15 16:31 ar0234-camera_0.1.0_arm64.deb
-rw-r--r-- 1 root     root       19152 Jul 29 20:18 ar0234_mipi.ko.orig-raw8
-rwxr-xr-x 1 orangepi orangepi   24544 Sep 15 10:03 ar0234_rec
-rw-r--r-- 1 orangepi orangepi   11428 Sep 15 10:03 ar0234_rec.c
-rw-r--r-- 1 orangepi orangepi    2028 Jul 29 21:04 ar0234_tuning.h
-rw-r--r-- 1 orangepi orangepi    2740 Jul 29 21:04 ar0234_tuning.h.b64
-rw-r--r-- 1 orangepi orangepi   24808 Jul 29 20:16 ar0234_v2.ko
-rw-r--r-- 1 orangepi orangepi   33516 Jul 29 20:16 ar0234_v2.ko.b64
-rw-r--r-- 1 orangepi orangepi   24808 Jul 29 20:17 ar0234_v3.ko
-rw-r--r-- 1 orangepi orangepi   33516 Jul 29 20:17 ar0234_v3.ko.b64
-rw-r--r-- 1 orangepi orangepi   25568 Jul 29 20:22 ar0234_v4.ko
-rw-r--r-- 1 orangepi orangepi   34541 Jul 29 20:22 ar0234_v4.ko.b64
-rw-r--r-- 1 orangepi orangepi   25568 Jul 29 20:26 ar0234_v5.ko
-rw-r--r-- 1 orangepi orangepi   34541 Jul 29 20:26 ar0234_v5.ko.b64
-rw-r--r-- 1 orangepi orangepi     635 Sep 15 06:17 bars_nv12.py
-rw-r--r-- 1 orangepi orangepi     404 Sep 15 05:49 bayer_stats.py
-rwxr-xr-x 1 orangepi orangepi   18808 Jul 29 21:05 cap
-rw-r--r-- 1 orangepi orangepi    8260 Jul 29 21:04 cap.c
-rw-r--r-- 1 orangepi orangepi   11161 Jul 29 21:04 cap.c.b64
-rwxr-xr-x 1 orangepi orangepi   14248 Sep 15 19:11 cltest2
drwxr-xr-x 2 orangepi orangepi    4096 Sep 15 10:42 d3dlbc
-rwxr-xr-x 1 orangepi orangepi   15712 Sep 15 18:46 dec_test
-rw-r--r-- 1 orangepi orangepi     719 Sep 15 06:02 flipcheck.py
-rwxr-xr-x 1 orangepi orangepi   43016 Sep 15 19:07 g2d_test
drwxr-xr-x 2 orangepi orangepi    4096 Sep 15 18:28 hwtest-include
-rwxr-xr-x 1 orangepi orangepi    1321 Sep 15 06:14 isp_try.sh
-rwxr-xr-x 1 orangepi orangepi   44040 Sep 15 18:31 jpeg_test
-rwxr-xr-x 1 orangepi orangepi     771 Sep 15 06:47 seq_test2.sh
-rwxr-xr-x 1 orangepi orangepi     518 Sep 15 06:54 seq_test3.sh
-rwxr-xr-x 1 orangepi orangepi     685 Sep 15 06:46 seq_test.sh
-rwxr-xr-x 1 orangepi orangepi     802 Sep 15 06:58 soak.sh
-rwxr-xr-x 1 orangepi orangepi     853 Sep 15 06:20 solid_libisp.sh
-rw-r--r-- 1 orangepi orangepi     387 Sep 15 06:18 solid_stats.py
-rw-r--r-- 1 orangepi orangepi     428 Jul 29 20:10 stats.py
total 16
-rw-r--r-- 1 orangepi orangepi 6988 Sep 15 10:37 ar0234-3ad.cpp
-rw-r--r-- 1 orangepi orangepi 7383 Sep 15 10:55 ar0234-rec.cpp
--- who holds video nodes
--- stray procs
     74 ?        I<     0:00 [kworker/R-devfr]
    649 ?        Ss     0:03 /usr/local/bin/ar0234-3ad
   7530 ?        I      0:00 [kworker/u16:0-devfreq_wq]
   7570 ?        I      0:00 [kworker/u16:3-devfreq_wq]
   7737 ?        I      0:00 [kworker/u16:1-devfreq_wq]
########## 17. dmesg (full)
[    0.808042] sunxi:uart-ng-uart-ng0:[INFO]: cannot get the TX DMA channel!
[    0.808045] sunxi:uart-ng-uart-ng0:[INFO]: cannot get the RX DMA channel!
[    0.808099] sunxi:uart-ng:[INFO]: sunxi uart-ng driver version: 1.1.20
[    0.808180] uart-ng0: ttyS0 at MMIO 0x2500000 (irq = 490, base_baud = 1500000) is a SUNXI
[    0.808192] sunxi:uart-ng-uart-ng0:[INFO]: console setup baud 115200 parity n bits 8, flow n
[    0.808206] printk: console [ttyS0] enabled
[    0.815665] uart-ng uart-ng1: supply uart not found, using dummy regulator
[    0.815731] sunxi:uart-ng-uart-ng1:[INFO]: cannot get the TX DMA channel!
[    0.815735] sunxi:uart-ng-uart-ng1:[INFO]: cannot get the RX DMA channel!
[    0.815876] uart-ng1: ttyS1 at MMIO 0x2501000 (irq = 491, base_baud = 1500000) is a SUNXI
[    0.816858] NSI_PMU 2020000.nsi-controller: Get support-ecc failed
[    0.817380] sunxi-wdt 2050000.watchdog: Watchdog enabled (timeout=16 sec, nowayout=0)
[    0.817917] sunxi:sunxi_mmc_host-4022000.sdmmc:[INFO]: SD/MMC/SDIO Host Controller Driver(v5.59 2025-01-21 15:50  -- v5.66 2025-04-02 16:14)
[    0.818105] sunxi:sunxi_mmc_host-4022000.sdmmc:[INFO]: ctl-spec-caps 328
[    0.818155] sunxi:sunxi_mmc_host-4022000.sdmmc:[INFO]: No vmmc regulator found
[    0.818158] sunxi:sunxi_mmc_host-4022000.sdmmc:[INFO]: No vqmmc regulator found
[    0.818160] sunxi:sunxi_mmc_host-4022000.sdmmc:[INFO]: No vdmmc regulator found
[    0.818163] sunxi:sunxi_mmc_host-4022000.sdmmc:[INFO]: No vd33sw regulator found
[    0.818165] sunxi:sunxi_mmc_host-4022000.sdmmc:[INFO]: No vd18sw regulator found
[    0.818168] sunxi:sunxi_mmc_host-4022000.sdmmc:[INFO]: No vq33sw regulator found
[    0.818170] sunxi:sunxi_mmc_host-4022000.sdmmc:[INFO]: No vq18sw regulator found
[    0.818172] sunxi:sunxi_mmc_host-4022000.sdmmc:[ERR]: manual set ocr
[    0.818181] sunxi:sunxi_mmc_host-4022000.sdmmc:[WARN]: Cann't get uart0 pinstate,check if needed
[    0.818184] sunxi:sunxi_mmc_host-4022000.sdmmc:[WARN]: Cann't get pin bias hs pinstate,check if needed
[    0.818445] sunxi-mmc 4022000.sdmmc: sunxi:sunxi_mmc_host***ctl-cmdq-md*** 20
[    0.818569] sunxi:sunxi_mmc_host-4022000.sdmmc:[INFO]: cq_host:ffffff80c0bc3c80, mmc:ffffff80c0b1a000, host:ffffff80c0b1a580
[    0.818576] mmc0: CQHCI version 0.00
[    0.818642] sunxi:sunxi_mmc_host-4022000.sdmmc:[INFO]: sdc set ios:clk 0Hz bm PP pm UP vdd 21 width 1 timing LEGACY(SDR12) dt B
[    0.831164] sunxi:sunxi_mmc_host-4022000.sdmmc:[INFO]: sdc set ios:clk 400000Hz bm PP pm ON vdd 21 width 1 timing LEGACY(SDR12) dt B
[    0.843751] sunxi:sunxi_mmc_host-4022000.sdmmc:[INFO]: detmode:alway in(non removable)
[    0.844155] sunxi:sunxi_mmc_host-4020000.sdmmc:[INFO]: SD/MMC/SDIO Host Controller Driver(v5.59 2025-01-21 15:50  -- v5.66 2025-04-02 16:14)
[    0.844377] sunxi:sunxi_mmc_host-4020000.sdmmc:[INFO]: ctl-spec-caps 428
[    0.844466] sunxi:sunxi_mmc_host-4022000.sdmmc:[INFO]: sdc set ios:clk 400000Hz bm PP pm ON vdd 21 width 1 timing LEGACY(SDR12) dt B
[    0.845414] sunxi:sunxi_mmc_host-4020000.sdmmc:[INFO]: No vqmmc regulator found
[    0.845418] sunxi:sunxi_mmc_host-4020000.sdmmc:[INFO]: No vdmmc regulator found
[    0.845839] sunxi-mmc 4020000.sdmmc: Got CD GPIO
[    0.845877] sunxi-mmc 4020000.sdmmc: sunxi:sunxi_mmc_hostcd-set-debounce is 0x1
[    0.845887] sunxi-mmc 4020000.sdmmc: sunxi:sunxi_mmc_hostexecute tuning in kernel, retune_period=3600
[    0.846023] sunxi:sunxi_mmc_host-4020000.sdmmc:[INFO]: sdc set ios:clk 0Hz bm PP pm UP vdd 21 width 1 timing LEGACY(SDR12) dt B
[    0.846044] sunxi:sunxi_mmc_host-4020000.sdmmc:[INFO]: no vqmmc,Check if there is regulator
[    0.847550] sunxi:sunxi_mmc_host-4022000.sdmmc:[INFO]: sdc set ios:clk 400000Hz bm PP pm ON vdd 21 width 1 timing LEGACY(SDR12) dt B
[    0.848870] sunxi:sunxi_mmc_host-4022000.sdmmc:[INFO]: sdc set ios:clk 400000Hz bm OD pm ON vdd 21 width 1 timing LEGACY(SDR12) dt B
[    0.849735] sunxi:sunxi_mmc_host-4022000.sdmmc:[ERR]: smc 0 p2 err, cmd 1, RTO !!
[    0.849767] sunxi:sunxi_mmc_host-4022000.sdmmc:[INFO]: retry:start
[    0.849795] sunxi:sunxi_mmc_host-4022000.sdmmc:[INFO]: RETRY: REG_SAMP_DL: 0x00000080
[    0.849820] sunxi:sunxi_mmc_host-4022000.sdmmc:[INFO]: *****retry:re-send cmd*****
[    0.850623] sunxi:sunxi_mmc_host-4022000.sdmmc:[ERR]: smc 0 p2 err, cmd 1, RTO !!
[    0.850640] sunxi:sunxi_mmc_host-4022000.sdmmc:[INFO]: retry:start
[    0.850659] sunxi:sunxi_mmc_host-4022000.sdmmc:[INFO]: RETRY: REG_SAMP_DL: 0x00000282
[    0.850683] sunxi:sunxi_mmc_host-4022000.sdmmc:[INFO]: *****retry:re-send cmd*****
[    0.851487] sunxi:sunxi_mmc_host-4022000.sdmmc:[ERR]: smc 0 p2 err, cmd 1, RTO !!
[    0.851503] sunxi:sunxi_mmc_host-4022000.sdmmc:[INFO]: retry:start
[    0.851522] sunxi:sunxi_mmc_host-4022000.sdmmc:[INFO]: RETRY: REG_SAMP_DL: 0x00000484
[    0.851545] sunxi:sunxi_mmc_host-4022000.sdmmc:[INFO]: *****retry:re-send cmd*****
[    0.852348] sunxi:sunxi_mmc_host-4022000.sdmmc:[ERR]: smc 0 p2 err, cmd 1, RTO !!
[    0.852366] sunxi:sunxi_mmc_host-4022000.sdmmc:[INFO]: retry:start
[    0.852385] sunxi:sunxi_mmc_host-4022000.sdmmc:[INFO]: RETRY: REG_SAMP_DL: 0x00000686
[    0.852408] sunxi:sunxi_mmc_host-4022000.sdmmc:[INFO]: *****retry:re-send cmd*****
[    0.853212] sunxi:sunxi_mmc_host-4022000.sdmmc:[ERR]: smc 0 p2 err, cmd 1, RTO !!
[    0.853228] sunxi:sunxi_mmc_host-4022000.sdmmc:[INFO]: retry:start
[    0.853246] sunxi:sunxi_mmc_host-4022000.sdmmc:[INFO]: RETRY: REG_SAMP_DL: 0x00000888
[    0.853269] sunxi:sunxi_mmc_host-4022000.sdmmc:[INFO]: *****retry:re-send cmd*****
[    0.854072] sunxi:sunxi_mmc_host-4022000.sdmmc:[ERR]: smc 0 p2 err, cmd 1, RTO !!
[    0.854088] sunxi:sunxi_mmc_host-4022000.sdmmc:[INFO]: retry:start
[    0.854106] sunxi:sunxi_mmc_host-4022000.sdmmc:[INFO]: RETRY: REG_SAMP_DL: 0x00000a8a
[    0.854130] sunxi:sunxi_mmc_host-4022000.sdmmc:[INFO]: *****retry:re-send cmd*****
[    0.854934] sunxi:sunxi_mmc_host-4022000.sdmmc:[ERR]: smc 0 p2 err, cmd 1, RTO !!
[    0.854949] sunxi:sunxi_mmc_host-4022000.sdmmc:[INFO]: retry:start
[    0.854968] sunxi:sunxi_mmc_host-4022000.sdmmc:[INFO]: RETRY: REG_SAMP_DL: 0x00000c8c
[    0.854991] sunxi:sunxi_mmc_host-4022000.sdmmc:[INFO]: *****retry:re-send cmd*****
[    0.855794] sunxi:sunxi_mmc_host-4022000.sdmmc:[ERR]: smc 0 p2 err, cmd 1, RTO !!
[    0.855810] sunxi:sunxi_mmc_host-4022000.sdmmc:[INFO]: retry:start
[    0.855850] sunxi:sunxi_mmc_host-4022000.sdmmc:[INFO]: RETRY: REG_SAMP_DL: 0x00000e8e
[    0.855872] sunxi:sunxi_mmc_host-4022000.sdmmc:[INFO]: *****retry:re-send cmd*****
[    0.856676] sunxi:sunxi_mmc_host-4022000.sdmmc:[ERR]: smc 0 p2 err, cmd 1, RTO !!
[    0.856693] sunxi:sunxi_mmc_host-4022000.sdmmc:[INFO]: retry:start
[    0.856712] sunxi:sunxi_mmc_host-4022000.sdmmc:[INFO]: RETRY: REG_SAMP_DL: 0x00001090
[    0.856736] sunxi:sunxi_mmc_host-4022000.sdmmc:[INFO]: *****retry:re-send cmd*****
[    0.857539] sunxi:sunxi_mmc_host-4022000.sdmmc:[ERR]: smc 0 p2 err, cmd 1, RTO !!
[    0.857555] sunxi:sunxi_mmc_host-4022000.sdmmc:[INFO]: retry:start
[    0.857574] sunxi:sunxi_mmc_host-4022000.sdmmc:[INFO]: RETRY: REG_SAMP_DL: 0x00001292
[    0.857597] sunxi:sunxi_mmc_host-4022000.sdmmc:[INFO]: *****retry:re-send cmd*****
[    0.858401] sunxi:sunxi_mmc_host-4022000.sdmmc:[ERR]: smc 0 p2 err, cmd 1, RTO !!
[    0.858417] sunxi:sunxi_mmc_host-4022000.sdmmc:[INFO]: retry:start
[    0.858435] sunxi:sunxi_mmc_host-4022000.sdmmc:[INFO]: RETRY: REG_SAMP_DL: 0x00001494
[    0.858458] sunxi:sunxi_mmc_host-4022000.sdmmc:[INFO]: *****retry:re-send cmd*****
[    0.858551] sunxi:sunxi_mmc_host-4020000.sdmmc:[INFO]: sdc set ios:clk 400000Hz bm PP pm ON vdd 21 width 1 timing LEGACY(SDR12) dt B
[    0.859261] sunxi:sunxi_mmc_host-4022000.sdmmc:[ERR]: smc 0 p2 err, cmd 1, RTO !!
[    0.859278] sunxi:sunxi_mmc_host-4022000.sdmmc:[INFO]: retry:start
[    0.859298] sunxi:sunxi_mmc_host-4022000.sdmmc:[INFO]: RETRY: REG_SAMP_DL: 0x00001696
[    0.859321] sunxi:sunxi_mmc_host-4022000.sdmmc:[INFO]: *****retry:re-send cmd*****
[    0.860125] sunxi:sunxi_mmc_host-4022000.sdmmc:[ERR]: smc 0 p2 err, cmd 1, RTO !!
[    0.860141] sunxi:sunxi_mmc_host-4022000.sdmmc:[INFO]: retry:start
[    0.860160] sunxi:sunxi_mmc_host-4022000.sdmmc:[INFO]: RETRY: REG_SAMP_DL: 0x00001898
[    0.860184] sunxi:sunxi_mmc_host-4022000.sdmmc:[INFO]: *****retry:re-send cmd*****
[    0.860987] sunxi:sunxi_mmc_host-4022000.sdmmc:[ERR]: smc 0 p2 err, cmd 1, RTO !!
[    0.861004] sunxi:sunxi_mmc_host-4022000.sdmmc:[INFO]: retry:start
[    0.861022] sunxi:sunxi_mmc_host-4022000.sdmmc:[INFO]: RETRY: REG_SAMP_DL: 0x00001a9a
[    0.861046] sunxi:sunxi_mmc_host-4022000.sdmmc:[INFO]: *****retry:re-send cmd*****
[    0.861849] sunxi:sunxi_mmc_host-4022000.sdmmc:[ERR]: smc 0 p2 err, cmd 1, RTO !!
[    0.861865] sunxi:sunxi_mmc_host-4022000.sdmmc:[INFO]: retry:start
[    0.861884] sunxi:sunxi_mmc_host-4022000.sdmmc:[INFO]: RETRY: REG_SAMP_DL: 0x00001c9c
[    0.861907] sunxi:sunxi_mmc_host-4022000.sdmmc:[INFO]: *****retry:re-send cmd*****
[    0.862710] sunxi:sunxi_mmc_host-4022000.sdmmc:[ERR]: smc 0 p2 err, cmd 1, RTO !!
[    0.862726] sunxi:sunxi_mmc_host-4022000.sdmmc:[INFO]: retry:start
[    0.862744] sunxi:sunxi_mmc_host-4022000.sdmmc:[INFO]: RETRY: REG_SAMP_DL: 0x00001e9e
[    0.862767] sunxi:sunxi_mmc_host-4022000.sdmmc:[INFO]: *****retry:re-send cmd*****
[    0.863570] sunxi:sunxi_mmc_host-4022000.sdmmc:[ERR]: smc 0 p2 err, cmd 1, RTO !!
[    0.863586] sunxi:sunxi_mmc_host-4022000.sdmmc:[INFO]: retry:start
[    0.863604] sunxi:sunxi_mmc_host-4022000.sdmmc:[INFO]: RETRY: REG_SAMP_DL: 0x000020a0
[    0.863627] sunxi:sunxi_mmc_host-4022000.sdmmc:[INFO]: *****retry:re-send cmd*****
[    0.864431] sunxi:sunxi_mmc_host-4022000.sdmmc:[ERR]: smc 0 p2 err, cmd 1, RTO !!
[    0.864449] sunxi:sunxi_mmc_host-4022000.sdmmc:[INFO]: retry:start
[    0.864467] sunxi:sunxi_mmc_host-4022000.sdmmc:[INFO]: RETRY: REG_SAMP_DL: 0x000022a2
[    0.864491] sunxi:sunxi_mmc_host-4022000.sdmmc:[INFO]: *****retry:re-send cmd*****
[    0.865294] sunxi:sunxi_mmc_host-4022000.sdmmc:[ERR]: smc 0 p2 err, cmd 1, RTO !!
[    0.865310] sunxi:sunxi_mmc_host-4022000.sdmmc:[INFO]: retry:start
[    0.865328] sunxi:sunxi_mmc_host-4022000.sdmmc:[INFO]: RETRY: REG_SAMP_DL: 0x000024a4
[    0.865351] sunxi:sunxi_mmc_host-4022000.sdmmc:[INFO]: *****retry:re-send cmd*****
[    0.866154] sunxi:sunxi_mmc_host-4022000.sdmmc:[ERR]: smc 0 p2 err, cmd 1, RTO !!
[    0.866170] sunxi:sunxi_mmc_host-4022000.sdmmc:[INFO]: retry:start
[    0.866188] sunxi:sunxi_mmc_host-4022000.sdmmc:[INFO]: RETRY: REG_SAMP_DL: 0x000026a6
[    0.866212] sunxi:sunxi_mmc_host-4022000.sdmmc:[INFO]: *****retry:re-send cmd*****
[    0.867015] sunxi:sunxi_mmc_host-4022000.sdmmc:[ERR]: smc 0 p2 err, cmd 1, RTO !!
[    0.867031] sunxi:sunxi_mmc_host-4022000.sdmmc:[INFO]: retry:start
[    0.867049] sunxi:sunxi_mmc_host-4022000.sdmmc:[INFO]: RETRY: REG_SAMP_DL: 0x000028a8
[    0.867072] sunxi:sunxi_mmc_host-4022000.sdmmc:[INFO]: *****retry:re-send cmd*****
[    0.867875] sunxi:sunxi_mmc_host-4022000.sdmmc:[ERR]: smc 0 p2 err, cmd 1, RTO !!
[    0.867893] sunxi:sunxi_mmc_host-4022000.sdmmc:[INFO]: retry:start
[    0.867912] sunxi:sunxi_mmc_host-4022000.sdmmc:[INFO]: RETRY: REG_SAMP_DL: 0x00002aaa
[    0.867935] sunxi:sunxi_mmc_host-4022000.sdmmc:[INFO]: *****retry:re-send cmd*****
[    0.868738] sunxi:sunxi_mmc_host-4022000.sdmmc:[ERR]: smc 0 p2 err, cmd 1, RTO !!
[    0.868754] sunxi:sunxi_mmc_host-4022000.sdmmc:[INFO]: retry:start
[    0.868773] sunxi:sunxi_mmc_host-4022000.sdmmc:[INFO]: RETRY: REG_SAMP_DL: 0x00002cac
[    0.868797] sunxi:sunxi_mmc_host-4022000.sdmmc:[INFO]: *****retry:re-send cmd*****
[    0.869600] sunxi:sunxi_mmc_host-4022000.sdmmc:[ERR]: smc 0 p2 err, cmd 1, RTO !!
[    0.869616] sunxi:sunxi_mmc_host-4022000.sdmmc:[INFO]: retry:start
[    0.869635] sunxi:sunxi_mmc_host-4022000.sdmmc:[INFO]: RETRY: REG_SAMP_DL: 0x00002eae
[    0.869659] sunxi:sunxi_mmc_host-4022000.sdmmc:[INFO]: *****retry:re-send cmd*****
[    0.870462] sunxi:sunxi_mmc_host-4022000.sdmmc:[ERR]: smc 0 p2 err, cmd 1, RTO !!
[    0.870478] sunxi:sunxi_mmc_host-4022000.sdmmc:[INFO]: retry:start
[    0.870496] sunxi:sunxi_mmc_host-4022000.sdmmc:[INFO]: RETRY: REG_SAMP_DL: 0x000030b0
[    0.870519] sunxi:sunxi_mmc_host-4022000.sdmmc:[INFO]: *****retry:re-send cmd*****
[    0.871322] sunxi:sunxi_mmc_host-4022000.sdmmc:[ERR]: smc 0 p2 err, cmd 1, RTO !!
[    0.871339] sunxi:sunxi_mmc_host-4022000.sdmmc:[INFO]: retry:start
[    0.871357] sunxi:sunxi_mmc_host-4022000.sdmmc:[INFO]: RETRY: REG_SAMP_DL: 0x000032b2
[    0.871381] sunxi:sunxi_mmc_host-4022000.sdmmc:[INFO]: *****retry:re-send cmd*****
[    0.871436] sunxi:sunxi_mmc_host-4020000.sdmmc:[INFO]: sdc set ios:clk 400000Hz bm PP pm ON vdd 21 width 1 timing LEGACY(SDR12) dt B
[    0.871497] sunxi:sunxi_mmc_host-4020000.sdmmc:[INFO]: detmode:gpio irq
[    0.871782] sunxi:sunxi_mmc_host-4021000.sdmmc:[INFO]: SD/MMC/SDIO Host Controller Driver(v5.59 2025-01-21 15:50  -- v5.66 2025-04-02 16:14)
[    0.872011] sunxi:sunxi_mmc_host-4021000.sdmmc:[INFO]: ctl-spec-caps 428
[    0.872067] sunxi:sunxi_mmc_host-4021000.sdmmc:[INFO]: No vmmc regulator found
[    0.872070] sunxi:sunxi_mmc_host-4021000.sdmmc:[INFO]: No vqmmc regulator found
[    0.872072] sunxi:sunxi_mmc_host-4021000.sdmmc:[INFO]: No vdmmc regulator found
[    0.872075] sunxi:sunxi_mmc_host-4021000.sdmmc:[INFO]: No vd33sw regulator found
[    0.872077] sunxi:sunxi_mmc_host-4021000.sdmmc:[INFO]: No vd18sw regulator found
[    0.872079] sunxi:sunxi_mmc_host-4021000.sdmmc:[INFO]: No vq33sw regulator found
[    0.872081] sunxi:sunxi_mmc_host-4021000.sdmmc:[INFO]: No vq18sw regulator found
[    0.872083] sunxi:sunxi_mmc_host-4021000.sdmmc:[ERR]: manual set ocr
[    0.872093] sunxi:sunxi_mmc_host-4021000.sdmmc:[WARN]: Cann't get uart0 pinstate,check if needed
[    0.872096] sunxi:sunxi_mmc_host-4021000.sdmmc:[WARN]: Cann't get pin bias hs pinstate,check if needed
[    0.872184] sunxi:sunxi_mmc_host-4022000.sdmmc:[ERR]: smc 0 p2 err, cmd 1, RTO !!
[    0.872203] sunxi:sunxi_mmc_host-4022000.sdmmc:[INFO]: retry:start
[    0.872223] sunxi:sunxi_mmc_host-4022000.sdmmc:[INFO]: RETRY: REG_SAMP_DL: 0x000034b4
[    0.872246] sunxi:sunxi_mmc_host-4022000.sdmmc:[INFO]: *****retry:re-send cmd*****
[    0.872522] sunxi-mmc 4021000.sdmmc: sunxi:sunxi_mmc_hostexecute tuning in kernel, retune_period=3600
[    0.873001] sunxi:sunxi_mmc_host-4021000.sdmmc:[INFO]: sdc set ios:clk 0Hz bm PP pm UP vdd 21 width 1 timing LEGACY(SDR12) dt B
[    0.873050] sunxi:sunxi_mmc_host-4022000.sdmmc:[ERR]: smc 0 p2 err, cmd 1, RTO !!
[    0.873069] sunxi:sunxi_mmc_host-4022000.sdmmc:[INFO]: retry:start
[    0.873089] sunxi:sunxi_mmc_host-4022000.sdmmc:[INFO]: RETRY: REG_SAMP_DL: 0x000036b6
[    0.873112] sunxi:sunxi_mmc_host-4022000.sdmmc:[INFO]: *****retry:re-send cmd*****
[    0.873915] sunxi:sunxi_mmc_host-4022000.sdmmc:[ERR]: smc 0 p2 err, cmd 1, RTO !!
[    0.873931] sunxi:sunxi_mmc_host-4022000.sdmmc:[INFO]: retry:start
[    0.873950] sunxi:sunxi_mmc_host-4022000.sdmmc:[INFO]: RETRY: REG_SAMP_DL: 0x000038b8
[    0.873973] sunxi:sunxi_mmc_host-4022000.sdmmc:[INFO]: *****retry:re-send cmd*****
[    0.874381] sunxi:sunxi_mmc_host-4020000.sdmmc:[INFO]: sdc set ios:clk 400000Hz bm PP pm ON vdd 21 width 1 timing LEGACY(SDR12) dt B
[    0.874777] sunxi:sunxi_mmc_host-4022000.sdmmc:[ERR]: smc 0 p2 err, cmd 1, RTO !!
[    0.874794] sunxi:sunxi_mmc_host-4022000.sdmmc:[INFO]: retry:start
[    0.874813] sunxi:sunxi_mmc_host-4022000.sdmmc:[INFO]: RETRY: REG_SAMP_DL: 0x00003aba
[    0.874837] sunxi:sunxi_mmc_host-4022000.sdmmc:[INFO]: *****retry:re-send cmd*****
[    0.875640] sunxi:sunxi_mmc_host-4022000.sdmmc:[ERR]: smc 0 p2 err, cmd 1, RTO !!
[    0.875656] sunxi:sunxi_mmc_host-4022000.sdmmc:[INFO]: retry:start
[    0.875674] sunxi:sunxi_mmc_host-4022000.sdmmc:[INFO]: RETRY: REG_SAMP_DL: 0x00003cbc
[    0.875697] sunxi:sunxi_mmc_host-4022000.sdmmc:[INFO]: *****retry:re-send cmd*****
[    0.876501] sunxi:sunxi_mmc_host-4022000.sdmmc:[ERR]: smc 0 p2 err, cmd 1, RTO !!
[    0.876518] sunxi:sunxi_mmc_host-4022000.sdmmc:[INFO]: retry:start
[    0.876537] sunxi:sunxi_mmc_host-4022000.sdmmc:[INFO]: RETRY: REG_SAMP_DL: 0x00003ebe
[    0.876560] sunxi:sunxi_mmc_host-4022000.sdmmc:[INFO]: *****retry:re-send cmd*****
[    0.876625] sunxi:sunxi_mmc_host-4020000.sdmmc:[INFO]: sdc set ios:clk 400000Hz bm PP pm ON vdd 21 width 1 timing LEGACY(SDR12) dt B
[    0.877364] sunxi:sunxi_mmc_host-4022000.sdmmc:[ERR]: smc 0 p2 err, cmd 1, RTO !!
[    0.877381] sunxi:sunxi_mmc_host-4022000.sdmmc:[INFO]: retry:start
[    0.877400] sunxi:sunxi_mmc_host-4022000.sdmmc:[INFO]: sunxi v4p5x/v4p6x retry give up!
[    0.877406] sunxi:sunxi_mmc_host-4022000.sdmmc:[ERR]: retry:set phase failed or over retry times
[    0.877426] sunxi:sunxi_mmc_host-4022000.sdmmc:[ERR]: retry:give up
[    0.877440] sunxi:sunxi_mmc_host-4022000.sdmmc:[INFO]: sdc set ios:clk 0Hz bm PP pm OFF vdd 0 width 1 timing LEGACY(SDR12) dt B
[    0.878737] mmc0: Failed to initialize a non-removable card
[    0.879558] sunxi:sunxi_mmc_host-4020000.sdmmc:[INFO]: sdc set ios:clk 400000Hz bm PP pm ON vdd 21 width 1 timing LEGACY(SDR12) dt B
[    0.883887] sunxi:sunxi_mmc_host-4021000.sdmmc:[INFO]: sdc set ios:clk 400000Hz bm PP pm ON vdd 21 width 1 timing LEGACY(SDR12) dt B
[    0.895830] sunxi:sunxi_mmc_host-4021000.sdmmc:[INFO]: detmode:manually by software
[    0.896150] sunxi-ufs-pltfm 4520000.ufs: Sunxi ufs driver version 0.0.18 2025.5.16 15:16
[    0.896681] sunxi-ufs-pltfm 4520000.ufs: freq-table-hz property not specified
[    0.896689] sunxi-ufs-pltfm 4520000.ufs: ufshcd_populate_vreg: Unable to find vdd-hba-supply regulator, assuming enabled
[    0.896696] sunxi-ufs-pltfm 4520000.ufs: ufshcd_populate_vreg: unable to find vcc-max-microamp
[    0.896701] sunxi-ufs-pltfm 4520000.ufs: ufshcd_populate_vreg: unable to find vccq-max-microamp
[    0.896706] sunxi-ufs-pltfm 4520000.ufs: ufshcd_populate_vreg: unable to find vccq2-max-microamp
[    0.897056] sunxi:sunxi_mmc_host-4021000.sdmmc:[ERR]: smc 2 p1 err, cmd 52, RTO !!
[    0.897321] sunxi-ufs-pltfm 4520000.ufs: fore use int ref 26m
[    0.897702] scsi host0: ufshcd
[    0.897883] sunxi:sunxi_mmc_host-4021000.sdmmc:[ERR]: smc 2 p1 err, cmd 52, RTO !!
[    0.903830] sunxi:sunxi_mmc_host-4021000.sdmmc:[INFO]: sdc set ios:clk 400000Hz bm PP pm ON vdd 21 width 1 timing LEGACY(SDR12) dt B
[    0.906076] sunxi:sunxi_mmc_host-4020000.sdmmc:[INFO]: sdc set ios:clk 0Hz bm PP pm ON vdd 21 width 1 timing LEGACY(SDR12) dt B
[    0.906095] sunxi:sunxi_mmc_host-4020000.sdmmc:[INFO]: no vqmmc,Check if there is regulator
[    0.906766] sunxi:sunxi_mmc_host-4021000.sdmmc:[INFO]: sdc set ios:clk 400000Hz bm PP pm ON vdd 21 width 1 timing LEGACY(SDR12) dt B
[    0.908879] sunxi:sunxi_mmc_host-4021000.sdmmc:[ERR]: smc 2 p1 err, cmd 5, RTO !!
[    0.909701] sunxi:sunxi_mmc_host-4021000.sdmmc:[ERR]: smc 2 p1 err, cmd 5, RTO !!
[    0.910521] sunxi:sunxi_mmc_host-4021000.sdmmc:[ERR]: smc 2 p1 err, cmd 5, RTO !!
[    0.911341] sunxi:sunxi_mmc_host-4021000.sdmmc:[ERR]: smc 2 p1 err, cmd 5, RTO !!
[    0.911357] sunxi:sunxi_mmc_host-4021000.sdmmc:[INFO]: sdc set ios:clk 0Hz bm PP pm OFF vdd 0 width 1 timing LEGACY(SDR12) dt B
[    0.912904] sunxi-ufs-pltfm 4520000.ufs: [ufs]err:evt num 12,UFS_EVT_DEV_RESET
[    0.914483] sunxi-ufs-pltfm 4520000.ufs: Cal words efuse addr 0x60 value 0x817e0000, addr 0x64 value 0x4f23a162
[    0.914512] [drm] [DSI-PANEL] panel_dsi_init start
[    0.914656] [drm] [DSI-PANEL] dsi driver regsiter finsh
[    0.914798] [drm] [TCON_TOP]sunxi_tcon_top_probe start
[    0.914848] [drm] [TCON_TOP]sunxi_tcon_top_probe start
[    0.915629] [drm] [TCON] sunxi_tcon_probe start
[    0.915696] [drm] [SUNXI-TCON] sunxi_tcon_of_get_id 4
[    0.915866] [drm] [TCON] sunxi_tcon_probe ret = 0
[    0.915980] [drm] [TCON] sunxi_tcon_probe start
[    0.916023] [drm] [SUNXI-TCON] sunxi_tcon_of_get_id 5
[    0.916126] [drm] [TCON] sunxi_tcon_probe ret = 0
[    0.916318] [drm] sunxi_drm_platform_probe start
[    0.916322] [drm] sunxi_drm_match_add start
[    0.917068] [drm] sunxi_drm_match_add finish
[    0.917188] [Awinic] aw87xxx_pa_init:driver version: v2.14.0
[    0.918748] sunxi:sunxi_mmc_host-4020000.sdmmc:[INFO]: sdc set ios:clk 400000Hz bm PP pm ON vdd 21 width 1 timing LEGACY(SDR12) dt B
[    0.918824] sunxi-cadence-combophy 6c00000.serdes: Sub System Version v2.0.0
[    0.919090] sunxi:phy_sunxi_plat-6b00000.phy:[INFO]: resistance calibration supported - enabled, mode - V2
[    0.919146] sunxi:phy_sunxi_plat-6b00000.phy:[INFO]: phy provider register success
[    0.919270] sunxi:dwc3_sunxi_plat-12.usbc2:[ERR]: couldn't get drvvbus supply
[    0.919337] /soc@3000000/twi@7084000/husb311@22: Fixed dependency cycle(s) with /soc@3000000/usbc2@12/xhci2-controller@6a00000
[    0.919410] /soc@3000000/usbc2@12/xhci2-controller@6a00000: Fixed dependency cycle(s) with /soc@3000000/twi@7084000/husb311@22
[    0.919875] sunxi-cadence-combophy 6c00000.serdes: combophy0 set power ON
[    0.930527] mmc1: host does not support reading read-only switch, assuming write-enable
[    0.931163] sunxi:sunxi_mmc_host-4020000.sdmmc:[INFO]: sdc set ios:clk 400000Hz bm PP pm ON vdd 21 width 4 timing LEGACY(SDR12) dt B
[    0.932106] sunxi:sunxi_mmc_host-4020000.sdmmc:[INFO]: sdc set ios:clk 400000Hz bm PP pm ON vdd 21 width 4 timing UHS-SDR104 dt B
[    0.932163] sunxi:sunxi_mmc_host-4020000.sdmmc:[INFO]: sdc set ios:clk 150000000Hz bm PP pm ON vdd 21 width 4 timing UHS-SDR104 dt B
[    0.932388] sunxi:sunxi_mmc_host-4020000.sdmmc:[INFO]: sdc set ios:clk 150000000Hz bm PP pm ON vdd 21 width 4 timing UHS-SDR104 dt B
[    0.932514] sunxi:sunxi_mmc_host-4020000.sdmmc:[INFO]: used kernel tuning, delay = 0
[    0.932560] sunxi:sunxi_mmc_host-4020000.sdmmc:[INFO]: change sample method
[    0.932563] sunxi:sunxi_mmc_host-4020000.sdmmc:[INFO]: start tuning, tuning clk = 150000000  opcode=19
[    0.932566] sunxi:sunxi_mmc_host-4020000.sdmmc:[INFO]: ----speed mode = 6
[    0.960931] sunxi:sunxi_mmc_host-4020000.sdmmc:[INFO]: tuning section: 
[    0.960936] sunxi:sunxi_mmc_host-4020000.sdmmc:[INFO]: [0-9|10] 
[    0.960940] sunxi:sunxi_mmc_host-4020000.sdmmc:[INFO]: [18-63|46] 
[    0.960943] sunxi:sunxi_mmc_host-4020000.sdmmc:[INFO]: 
[    0.960946] sunxi:sunxi_mmc_host-4020000.sdmmc:[INFO]: tuning result: 18 - 63,  best: 41
[    0.961140] mmc1: new ultra high speed SDR104 SDHC card at address b36b
[    0.961822] mmcblk1: mmc1:b36b EZSD1 29.1 GiB
[    0.963802]  mmcblk1: p1
[    0.964224] xhci-hcd xhci-hcd.40.auto: xHCI Host Controller
[    0.964248] xhci-hcd xhci-hcd.40.auto: new USB bus registered, assigned bus number 1
[    0.964423] xhci-hcd xhci-hcd.40.auto: hcc params 0x0118ffc5 hci version 0x120 quirks 0x0000008000000010
[    0.964451] xhci-hcd xhci-hcd.40.auto: irq 498, io mem 0x06a00000
[    0.964516] xhci-hcd xhci-hcd.40.auto: xHCI Host Controller
[    0.964523] xhci-hcd xhci-hcd.40.auto: new USB bus registered, assigned bus number 2
[    0.964529] xhci-hcd xhci-hcd.40.auto: Host supports USB 3.1 Enhanced SuperSpeed
[    0.964703] usb usb1: New USB device found, idVendor=1d6b, idProduct=0002, bcdDevice= 6.06
[    0.964712] usb usb1: New USB device strings: Mfr=3, Product=2, SerialNumber=1
[    0.964716] usb usb1: Product: xHCI Host Controller
[    0.964719] usb usb1: Manufacturer: Linux 6.6.98-sun60iw2 xhci-hcd
[    0.964722] usb usb1: SerialNumber: xhci-hcd.40.auto
[    0.964952] sunxi:dwc3_sunxi_plat-12.usbc2:[INFO]: DesignWare USB3 Allwinner Glue Layer Driver(v1.0.23 2024-11-25 14:00)
[    0.965077] hub 1-0:1.0: USB hub found
[    0.965091] hub 1-0:1.0: 1 port detected
[    0.965231] usb usb2: We don't know the algorithms for LPM for this host, disabling LPM.
[    0.965270] usb usb2: New USB device found, idVendor=1d6b, idProduct=0003, bcdDevice= 6.06
[    0.965275] usb usb2: New USB device strings: Mfr=3, Product=2, SerialNumber=1
[    0.965279] usb usb2: Product: xHCI Host Controller
[    0.965282] usb usb2: Manufacturer: Linux 6.6.98-sun60iw2 xhci-hcd
[    0.965286] usb usb2: SerialNumber: xhci-hcd.40.auto
[    0.965638] hub 2-0:1.0: USB hub found
[    0.965649] hub 2-0:1.0: 1 port detected
[    0.966132] get hotplug pin for phy mux failed, hotplug may be useless!
[    0.966138] get aux_p pull external up/down pin for phy mux failed, may be useless!
[    0.966142] get aux_n pull external up/down pin for phy mux failed, may be useless!
[    0.966384] switcher 10.phy_switcher: probe success
[    0.968987] sunxi:axp8191_temp_ctrl:[ERR]: axp8191-temp-ctrl device is not configed
[    0.969125] axp2101-pek axp2101-pek.0: DMA mask not set
[    0.972257] input: axp8191-pek as /devices/platform/soc@3000000/7083000.twi/i2c-13/13-0036/axp2101-pek.0/input/input0
[    0.972931] sunxi:sunxi_sid:[ERR]: Fail to read 'dvfs2_ori' in dts
[    0.973774] core: _opp_supported_by_regulators: OPP minuV: 0 maxuV: 0, not supported by regulator
[    0.973782] cpu cpu0: _opp_add: OPP not supported by regulators (408000000)
[    0.973834] core: _opp_supported_by_regulators: OPP minuV: 0 maxuV: 0, not supported by regulator
[    0.973837] cpu cpu0: _opp_add: OPP not supported by regulators (720000000)
[    0.973889] core: _opp_supported_by_regulators: OPP minuV: 0 maxuV: 0, not supported by regulator
[    0.973892] cpu cpu0: _opp_add: OPP not supported by regulators (792000000)
[    0.973939] core: _opp_supported_by_regulators: OPP minuV: 0 maxuV: 0, not supported by regulator
[    0.973942] cpu cpu0: _opp_add: OPP not supported by regulators (1008000000)
[    0.973992] core: _opp_supported_by_regulators: OPP minuV: 0 maxuV: 0, not supported by regulator
[    0.973995] cpu cpu0: _opp_add: OPP not supported by regulators (1104000000)
[    0.974044] core: _opp_supported_by_regulators: OPP minuV: 0 maxuV: 0, not supported by regulator
[    0.974047] cpu cpu0: _opp_add: OPP not supported by regulators (1200000000)
[    0.974091] core: _opp_supported_by_regulators: OPP minuV: 0 maxuV: 0, not supported by regulator
[    0.974095] cpu cpu0: _opp_add: OPP not supported by regulators (1296000000)
[    0.974143] core: _opp_supported_by_regulators: OPP minuV: 0 maxuV: 0, not supported by regulator
[    0.974147] cpu cpu0: _opp_add: OPP not supported by regulators (1392000000)
[    0.974190] core: _opp_supported_by_regulators: OPP minuV: 0 maxuV: 0, not supported by regulator
[    0.974193] cpu cpu0: _opp_add: OPP not supported by regulators (1416000000)
[    0.974243] core: _opp_supported_by_regulators: OPP minuV: 0 maxuV: 0, not supported by regulator
[    0.974246] cpu cpu0: _opp_add: OPP not supported by regulators (1512000000)
[    0.974292] core: _opp_supported_by_regulators: OPP minuV: 0 maxuV: 0, not supported by regulator
[    0.974295] cpu cpu0: _opp_add: OPP not supported by regulators (1608000000)
[    0.974343] core: _opp_supported_by_regulators: OPP minuV: 0 maxuV: 0, not supported by regulator
[    0.974346] cpu cpu0: _opp_add: OPP not supported by regulators (1704000000)
[    0.974395] core: _opp_supported_by_regulators: OPP minuV: 0 maxuV: 0, not supported by regulator
[    0.974398] cpu cpu0: _opp_add: OPP not supported by regulators (1800000000)
[    0.974479] core: _opp_supported_by_regulators: OPP minuV: 0 maxuV: 0, not supported by regulator
[    0.974482] cpu cpu0: _opp_add: OPP not supported by regulators (728000000)
[    0.974593] core: _opp_supported_by_regulators: OPP minuV: 0 maxuV: 0, not supported by regulator
[    0.974596] cpu cpu0: _opp_add: OPP not supported by regulators (1092000000)
[    0.974683] core: _opp_supported_by_regulators: OPP minuV: 0 maxuV: 0, not supported by regulator
[    0.974686] cpu cpu0: _opp_add: OPP not supported by regulators (1300000000)
[    0.974800] core: _opp_supported_by_regulators: OPP minuV: 0 maxuV: 0, not supported by regulator
[    0.974803] cpu cpu0: _opp_add: OPP not supported by regulators (1586000000)
[    0.975173] core: _opp_supported_by_regulators: OPP minuV: 0 maxuV: 0, not supported by regulator
[    0.975178] cpu cpu6: _opp_add: OPP not supported by regulators (408000000)
[    0.975223] core: _opp_supported_by_regulators: OPP minuV: 0 maxuV: 0, not supported by regulator
[    0.975226] cpu cpu6: _opp_add: OPP not supported by regulators (720000000)
[    0.975274] core: _opp_supported_by_regulators: OPP minuV: 0 maxuV: 0, not supported by regulator
[    0.975277] cpu cpu6: _opp_add: OPP not supported by regulators (792000000)
[    0.975326] core: _opp_supported_by_regulators: OPP minuV: 0 maxuV: 0, not supported by regulator
[    0.975329] cpu cpu6: _opp_add: OPP not supported by regulators (1008000000)
[    0.975379] core: _opp_supported_by_regulators: OPP minuV: 0 maxuV: 0, not supported by regulator
[    0.975382] cpu cpu6: _opp_add: OPP not supported by regulators (1200000000)
[    0.975430] core: _opp_supported_by_regulators: OPP minuV: 0 maxuV: 0, not supported by regulator
[    0.975433] cpu cpu6: _opp_add: OPP not supported by regulators (1296000000)
[    0.975477] core: _opp_supported_by_regulators: OPP minuV: 0 maxuV: 0, not supported by regulator
[    0.975480] cpu cpu6: _opp_add: OPP not supported by regulators (1392000000)
[    0.975527] core: _opp_supported_by_regulators: OPP minuV: 0 maxuV: 0, not supported by regulator
[    0.975530] cpu cpu6: _opp_add: OPP not supported by regulators (1512000000)
[    0.975575] core: _opp_supported_by_regulators: OPP minuV: 0 maxuV: 0, not supported by regulator
[    0.975578] cpu cpu6: _opp_add: OPP not supported by regulators (1608000000)
[    0.975626] core: _opp_supported_by_regulators: OPP minuV: 0 maxuV: 0, not supported by regulator
[    0.975630] cpu cpu6: _opp_add: OPP not supported by regulators (1704000000)
[    0.975678] core: _opp_supported_by_regulators: OPP minuV: 0 maxuV: 0, not supported by regulator
[    0.975681] cpu cpu6: _opp_add: OPP not supported by regulators (1800000000)
[    0.975727] core: _opp_supported_by_regulators: OPP minuV: 0 maxuV: 0, not supported by regulator
[    0.975730] cpu cpu6: _opp_add: OPP not supported by regulators (1896000000)
[    0.975780] core: _opp_supported_by_regulators: OPP minuV: 0 maxuV: 0, not supported by regulator
[    0.975783] cpu cpu6: _opp_add: OPP not supported by regulators (1920000000)
[    0.975837] core: _opp_supported_by_regulators: OPP minuV: 0 maxuV: 0, not supported by regulator
[    0.975842] cpu cpu6: _opp_add: OPP not supported by regulators (1944000000)
[    0.975892] core: _opp_supported_by_regulators: OPP minuV: 0 maxuV: 0, not supported by regulator
[    0.975895] cpu cpu6: _opp_add: OPP not supported by regulators (1992000000)
[    0.975978] core: _opp_supported_by_regulators: OPP minuV: 0 maxuV: 0, not supported by regulator
[    0.975981] cpu cpu6: _opp_add: OPP not supported by regulators (728000000)
[    0.976132] core: _opp_supported_by_regulators: OPP minuV: 0 maxuV: 0, not supported by regulator
[    0.976135] cpu cpu6: _opp_add: OPP not supported by regulators (1300000000)
[    0.976253] core: _opp_supported_by_regulators: OPP minuV: 0 maxuV: 0, not supported by regulator
[    0.976256] cpu cpu6: _opp_add: OPP not supported by regulators (1586000000)
[    0.976338] core: _opp_supported_by_regulators: OPP minuV: 0 maxuV: 0, not supported by regulator
[    0.976341] cpu cpu6: _opp_add: OPP not supported by regulators (1690000000)
[    0.976535] core: _opp_supported_by_regulators: OPP minuV: 0 maxuV: 0, not supported by regulator
[    0.976538] cpu cpu6: _opp_add: OPP not supported by regulators (1976000000)
[    0.978152] sunxi-rfkill soc@3000000:rfkill: module version: v1.1.12
[    0.978165] sunxi-rfkill soc@3000000:rfkill: pinctrl_lookup_state(default) failed! return -19
[    0.978173] sunxi-rfkill soc@3000000:rfkill: get gpio chip_en failed
[    0.978179] sunxi-rfkill soc@3000000:rfkill: get gpio power_en failed
[    0.978331] sunxi-rfkill soc@3000000:rfkill: wlan_busnum (1)
[    0.978405] sunxi-rfkill soc@3000000:rfkill: wlan power[0] (axp8191-bldo5) voltage: 1800mV
[    0.978583] sunxi-rfkill soc@3000000:rfkill: wlan power[1] (axp8191-cldo1) voltage: 1800mV
[    0.978597] sunxi-rfkill soc@3000000:rfkill: wlan_regon gpio=385 assert=1
[    0.978622] sunxi-rfkill soc@3000000:rfkill: wlan_hostwake gpio=384 assert=1
[    0.978631] sunxi-rfkill soc@3000000:rfkill: wakeup source is enabled
[    0.978650] sunxi-rfkill soc@3000000:rfkill: bt power[0] (axp8191-bldo5) voltage: 1800mV
[    0.978948] sunxi-rfkill soc@3000000:rfkill: bt power[1] (axp8191-cldo1) voltage: 1800mV
[    0.978957] sunxi-rfkill soc@3000000:rfkill: bt_rst gpio=386 assert=0
[    0.979293] [ADDR_MGT] addr_mgt_probe: module version: v1.0.13
[    0.979713] [ADDR_MGT] addr_mgt_probe: success.
[    0.982400] Loading compiled-in X.509 certificates
[    0.986164] Btrfs loaded, zoned=no, fsverity=no
[    0.992638] sunxi iommu: irq = 499
[    0.992750] sunxi iommu: irq = 500
[    0.994871] sunxi:twi_sunxi-2519000.twi:[INFO]: v2.6.9 probe success
[    0.995941] sunxi:twi_sunxi-251b000.twi:[INFO]: v2.6.9 probe success
[    0.997156] sunxi:twi_sunxi-251c000.twi:[INFO]: v2.6.9 probe success
[    1.001933] switcher 10.phy_switcher: orientation:0, set sw conf UNKNOW -> UNKNOW
[    1.001949] switcher 10.phy_switcher: orientation:0, set sw conf UNKNOW -> UNKNOW
[    1.001980] switcher 10.phy_switcher: conf:0x0 status:0x0 mode:0, set mux state STATE_USB -> STATE_SAFE
[    1.001989] switcher 10.phy_switcher: conf:0x0 status:0x0 mode:0, set mux state STATE_SAFE -> STATE_SAFE
[    1.002865] sunxi-display-engine 5000000.de: Adding to iommu group 0
[    1.003925] [drm] [SUNXI-DE] chn_cfg_mode not found, used def val
[    1.003972] [drm] de use no display sys
[    1.004287] switcher 10.phy_switcher: orientation:0, set sw conf UNKNOW -> UNKNOW
[    1.004296] switcher 10.phy_switcher: orientation:0, set sw conf UNKNOW -> UNKNOW
[    1.004325] switcher 10.phy_switcher: conf:0x0 status:0x0 mode:0, set mux state STATE_SAFE -> STATE_SAFE
[    1.004331] switcher 10.phy_switcher: conf:0x0 status:0x0 mode:0, set mux state STATE_SAFE -> STATE_SAFE
[    1.004671] sunxi-display-engine 5000000.de: register iommu fault callback for sunxi-drm, master=8
[    1.005212] [drm] sunxi_drm_bind start
[    1.005384] [drm] [TCON_TOP]sunxi_tcon_top_bind start
[    1.005512] sunxi-drm soc@3000000:sunxi-drm: bound 5500000.vo0 (ops sunxi_tcon_top_component_ops)
[    1.005530] [drm] [TCON_TOP]sunxi_tcon_top_bind start
[    1.005571] sunxi-drm soc@3000000:sunxi-drm: bound 5510000.vo1 (ops sunxi_tcon_top_component_ops)
[    1.005581] [drm] [SUNXI-DE] sunxi_de_bind start
[    1.005640] sunxi-drm soc@3000000:sunxi-drm: Adding to iommu group 0
[    1.006113] [drm] sunxi_de_bind crtc init for de 0 ok
[    1.006137] [drm] sunxi_de_bind crtc init for de 1 ok
[    1.006492] sunxi-drm soc@3000000:sunxi-drm: bound 5000000.de (ops sunxi_de_component_ops)
[    1.006709] [drm] [SUNXI-TCON] sunxi_tcon_of_get_id 4
[    1.007125] [drm] sunxi-hdmi: hdmi drv init dts done
[    1.007782] [drm] sunxi-hdmi: hdmi drv enable resource done
[    1.007787] [drm] sunxi-hdmi: hdmi drv init resource done
[    1.007983] [drm] sunxi-hdmi: hdmi drv init i2c adapter finish
[    1.008396] [drm] sunxi-hdmi: hdmi drv init cec adapter finish
[    1.009176] [drm] sunxi-hdmi: drm hdmi connector create finish
[    1.009200] [drm] sunxi-hdmi: hdmi devices bind done <<<<<<<<<<

[    1.009209] sunxi-drm soc@3000000:sunxi-drm: bound 5520000.hdmi0 (ops sunxi_hdmi_compoent_ops)
[    1.009611] drm_edp 5740000.edp0: supply vcc-edp not found, using dummy regulator
[    1.009811] [drm] edp's combo-phy not setting, maybe not used!
[    1.009858] sunxi:sunxidrm:[ERR]: [EDP_ERR]: edp_lane_rate not set manaually, set to default: 2.7G!
[    1.009862] sunxi:sunxidrm:[ERR]: [EDP_ERR]: edp_lane_cnt not set manaually, set to default: 2!
[    1.009974] [drm] [SUNXI-TCON] sunxi_tcon_of_get_id 5
[    1.017534] sunxi-ufs-pltfm 4520000.ufs: Cal words efuse addr 0x60 value 0x817e0000, addr 0x64 value 0x4f23a162
[    1.053940] sunxi-drm soc@3000000:sunxi-drm: bound 5740000.edp0 (ops sunxi_drm_edp_component_ops)
[    1.053971] sunxi-drm soc@3000000:sunxi-drm: bound 5730000.tcon3 (ops sunxi_tcon_component_ops)
[    1.053985] sunxi-drm soc@3000000:sunxi-drm: bound 5731000.tcon4 (ops sunxi_tcon_component_ops)
[    1.054057] [drm] sunxi-hdmi: drm hdmi detect: disconnect
[    1.054079] [drm:sunxi_drm_bind] *ERROR* none mode found init_connecting
[    1.054092] [drm:commit_init_connecting.isra.0] *ERROR* offline mode: init connecting not found sunxi_drm_offline_mode_pre_init
[    1.054101] [drm:sunxi_drm_get_logo_info] *ERROR* init connecting not found sunxi_drm_get_logo_info
[    1.054637] [drm] Initialized sunxi-drm 3.0.0 20230901 for soc@3000000:sunxi-drm on minor 0
[    1.054655] [drm] sunxi_drm_bind ok
[    1.055055] sunxi:pcie-6000000.pcie:[WARN]: Failed to get "power-gpios"
[    1.055072] sunxi:pcie-6000000.pcie:[WARN]: Failed to get "reset-gpios"
[    1.057437] sunxi-pcie 6000000.pcie: host bridge /soc@3000000/pcie@6000000 ranges:
[    1.057475] sunxi-pcie 6000000.pcie:      err 0x0020000000..0x0020ffffff -> 0x0020000000
[    1.057493] sunxi-pcie 6000000.pcie:       IO 0x0021000000..0x0021ffffff -> 0x0021000000
[    1.057508] sunxi-pcie 6000000.pcie:      MEM 0x0022000000..0x0027ffffff -> 0x0022000000
[    1.064442] Freeing initrd memory: 12392K
[    1.120476] sunxi-ufs-pltfm 4520000.ufs: Cal words efuse addr 0x60 value 0x817e0000, addr 0x64 value 0x4f23a162
[    1.225496] sunxi-ufs-pltfm 4520000.ufs: Cal words efuse addr 0x60 value 0x817e0000, addr 0x64 value 0x4f23a162
[    1.331901] sunxi-ufs-pltfm 4520000.ufs: [ufs]err:evt num 7,UFS_EVT_LINK_STARTUP_FAIL
[    1.331940] sunxi-ufs-pltfm 4520000.ufs: link startup failed 1
[    1.331958] sunxi-ufs-pltfm 4520000.ufs: UFS Host state=0
[    1.331978] sunxi-ufs-pltfm 4520000.ufs: 0 outstanding reqs, tasks=0x0
[    1.331996] sunxi-ufs-pltfm 4520000.ufs: saved_err=0x0, saved_uic_err=0x0
[    1.332015] sunxi-ufs-pltfm 4520000.ufs: Device power mode=1, UIC link state=0
[    1.332034] sunxi-ufs-pltfm 4520000.ufs: PM in progress=0, sys. suspended=0
[    1.332052] sunxi-ufs-pltfm 4520000.ufs: Auto BKOPS=0, Host self-block=0
[    1.332069] sunxi-ufs-pltfm 4520000.ufs: Clk gate=1
[    1.332085] sunxi-ufs-pltfm 4520000.ufs: last_hibern8_exit_tstamp at 0 us, hibern8_exit_cnt=0
[    1.332104] sunxi-ufs-pltfm 4520000.ufs: last intr at 1331730 us, last intr status=0x404
[    1.332123] sunxi-ufs-pltfm 4520000.ufs: error handling flags=0x0, req. abort count=0
[    1.332142] sunxi-ufs-pltfm 4520000.ufs: hba->ufs_version=0x300, Host capabilities=0x11870f1f, caps=0x80
[    1.332162] sunxi-ufs-pltfm 4520000.ufs: quirks=0x0, dev. quirks=0x0
[    1.332201] host_regs: 00000000: 11870f1f 00000000 00000300 00000000
[    1.332222] host_regs: 00000010: 00000000 00000926 00000000 00000000
[    1.332243] host_regs: 00000020: 00000000 e0000470 00000000 00000000
[    1.332263] host_regs: 00000030: 00000008 00000001 00000000 00000000
[    1.332283] host_regs: 00000040: 00000000 00000000 00000000 00000000
[    1.332303] host_regs: 00000050: 00000000 00000000 00000000 00000000
[    1.332322] host_regs: 00000060: 00000000 00000000 00000000 00000000
[    1.332342] host_regs: 00000070: 00000000 00000000 00000000 00000000
[    1.332361] host_regs: 00000080: 00000000 00000000 00000000 00000000
[    1.332381] host_regs: 00000090: 00000016 00000000 00000001 00000000
[    1.332400] sunxi-ufs-pltfm 4520000.ufs: No record of pa_err
[    1.332417] sunxi-ufs-pltfm 4520000.ufs: No record of dl_err
[    1.332433] sunxi-ufs-pltfm 4520000.ufs: No record of nl_err
[    1.332449] sunxi-ufs-pltfm 4520000.ufs: No record of tl_err
[    1.332465] sunxi-ufs-pltfm 4520000.ufs: No record of dme_err
[    1.332480] sunxi-ufs-pltfm 4520000.ufs: No record of auto_hibern8_err
[    1.332497] sunxi-ufs-pltfm 4520000.ufs: No record of fatal_err
[    1.332512] sunxi-ufs-pltfm 4520000.ufs: link_startup_fail[0] = 0x1 at 1331887 us
[    1.332535] sunxi-ufs-pltfm 4520000.ufs: link_startup_fail: total cnt=1
[    1.332552] sunxi-ufs-pltfm 4520000.ufs: No record of resume_fail
[    1.332568] sunxi-ufs-pltfm 4520000.ufs: No record of suspend_fail
[    1.332584] sunxi-ufs-pltfm 4520000.ufs: No record of wlun resume_fail
[    1.332600] sunxi-ufs-pltfm 4520000.ufs: No record of wlun suspend_fail
[    1.332616] sunxi-ufs-pltfm 4520000.ufs: dev_reset[0] = 0x0 at 912902 us
[    1.332638] sunxi-ufs-pltfm 4520000.ufs: dev_reset: total cnt=1
[    1.332655] sunxi-ufs-pltfm 4520000.ufs: No record of host_reset
[    1.332672] sunxi-ufs-pltfm 4520000.ufs: No record of task_abort
[    1.332716] sunxi-ufs-pltfm 4520000.ufs: ufshcd_async_scan failed: 1
[    3.083047] sunxi:pcie-rc-6000000.pcie:[ERR]: Speed change timeout
[    3.083077] sunxi:pcie-rc-6000000.pcie:[INFO]: PCIe speed of Gen1
[    3.084138] sunxi-pcie 6000000.pcie: PCI host bridge to bus 0000:00
[    3.084168] pci_bus 0000:00: root bus resource [bus 00-ff]
[    3.084193] pci_bus 0000:00: root bus resource [??? 0x20000000-0x20ffffff flags 0x0]
[    3.084220] pci_bus 0000:00: root bus resource [io  0x0000-0xffffff] (bus address [0x21000000-0x21ffffff])
[    3.084243] pci_bus 0000:00: root bus resource [mem 0x22000000-0x27ffffff]
[    3.084303] pci 0000:00:00.0: [1f6d:abcd] type 01 class 0x060400
[    3.084342] pci 0000:00:00.0: reg 0x10: [mem 0x00000000-0x000fffff]
[    3.084375] pci 0000:00:00.0: reg 0x38: [mem 0x22100000-0x2210ffff pref]
[    3.084495] pci 0000:00:00.0: supports D1
[    3.084513] pci 0000:00:00.0: PME# supported from D0 D1 D3hot
[    3.102127] pci 0000:00:00.0: BAR 0: assigned [mem 0x22000000-0x220fffff]
[    3.102171] pci 0000:00:00.0: BAR 6: assigned [mem 0x22100000-0x2210ffff pref]
[    3.102199] pci 0000:00:00.0: PCI bridge to [bus 01-ff]
[    3.102293] sunxi:pcie-6000000.pcie:[INFO]: driver version: 1.2.5
[    3.104963] cfg80211: Loading compiled-in X.509 certificates for regulatory database
[    3.118488] Loaded X.509 cert 'sforshee: 00b28ddf47aef9cea7'
[    3.119130] Loaded X.509 cert 'wens: 61c038651aabdcf94bd0ac7ff06c7248db18c600'
[    3.119377] sunxi:sound-codec-hdmi:[ERR]: 442 sunxi_codec_dev_probe(): register codec-hdmi success
[    3.120076] sunxi:sound-i2s:[WARN]: 2238 snd_sunxi_dts_params_init(): clk-en-post-delay missing
[    3.120084] sunxi:sound-i2s:[WARN]: 2246 snd_sunxi_dts_params_init(): clk-keep missing
[    3.120567] sunxi:sound-mach:[WARN]: 372 asoc_simple_parse_ucfmt(): set data late to default
[    3.120612] sunxi:sound-mach:[ERR]: 513 simple_parse_of(): simple_dai_link_of failed
[    3.120695] sunxi:sound-mach:[WARN]: 372 asoc_simple_parse_ucfmt(): set data late to default
[    3.120916] debugfs: Directory '2535000.i2s3_plat' with parent 'allwinner-hdmi' already present!
[    3.122515] cfg80211: loaded regulatory.db is malformed or signature is missing/invalid
[    3.123318] sunxi:ehci_sunxi:[INFO]: sunxi-ehci: EHCI SUNXI driver
[    3.123863] sunxi:sunxi_hci:[INFO]: sunxi ehci0-controller don't init wakeup source
[    3.123870] sunxi:ehci_sunxi:[INFO]: [sunxi-ehci0]: probe, pdev->name: 4101000.ehci0-controller, sunxi_ehci: 0xffffffc0819b7158, 0x:ffffffc081d1d000, irq_no:206
[    3.123879] sunxi:ehci_sunxi:[INFO]: [sunxi-ehci0]: Not init ehci0
[    3.124145] sunxi:sound-mach:[WARN]: 372 asoc_simple_parse_ucfmt(): set data late to default
[    3.124165] sunxi:sound-mach:[ERR]: 513 simple_parse_of(): simple_dai_link_of failed
[    3.124335] sunxi:ehci_sunxi:[INFO]: [sunxi-ehci1]: probe, pdev->name: 4200000.ehci1-controller, sunxi_ehci: 0xffffffc0819b7588, 0x:ffffffc081d2d000, irq_no:207
[    3.124371] sunxi-ehci 4200000.ehci1-controller: supply drvvbus not found, using dummy regulator
[    3.124449] sunxi-ehci 4200000.ehci1-controller: supply hci not found, using dummy regulator
[    3.124513] sunxi-ehci 4200000.ehci1-controller: EHCI Host Controller
[    3.124524] sunxi-ehci 4200000.ehci1-controller: new USB bus registered, assigned bus number 3
[    3.124589] sunxi-ehci 4200000.ehci1-controller: irq 519, io mem 0x04200000
[    3.124617] sunxi:sound-mach:[WARN]: 372 asoc_simple_parse_ucfmt(): set data late to default
[    3.124633] sunxi:sound-mach:[ERR]: 513 simple_parse_of(): simple_dai_link_of failed
[    3.143973] sunxi-ehci 4200000.ehci1-controller: USB 2.0 started, EHCI 1.00
[    3.144437] usb usb3: New USB device found, idVendor=1d6b, idProduct=0002, bcdDevice= 6.06
[    3.144459] usb usb3: New USB device strings: Mfr=3, Product=2, SerialNumber=1
[    3.144471] usb usb3: Product: EHCI Host Controller
[    3.144480] usb usb3: Manufacturer: Linux 6.6.98-sun60iw2 ehci_hcd
[    3.144488] usb usb3: SerialNumber: sunxi-ehci
[    3.145320] hub 3-0:1.0: USB hub found
[    3.145395] hub 3-0:1.0: 1 port detected
[    3.147037] sunxi:ohci_sunxi:[INFO]: sunxi-ohci: OHCI SUNXI driver
[    3.147129] sunxi:sound-mach:[WARN]: 372 asoc_simple_parse_ucfmt(): set data late to default
[    3.147184] sunxi:sound-mach:[ERR]: 513 simple_parse_of(): simple_dai_link_of failed
[    3.148504] sunxi:sunxi_hci:[INFO]: sunxi ohci0-controller don't init wakeup source
[    3.148527] sunxi:ohci_sunxi:[INFO]: [sunxi-ohci0]: probe, pdev->name: 4101400.ohci0-controller, sunxi_ohci: 0xffffffc0819b7de8
[    3.148548] sunxi:ohci_sunxi:[INFO]: [sunxi-ohci0]: Not init ohci0
[    3.149594] sunxi:sound-mach:[WARN]: 372 asoc_simple_parse_ucfmt(): set data late to default
[    3.149633] sunxi:sound-mach:[ERR]: 513 simple_parse_of(): simple_dai_link_of failed
[    3.149859] sunxi:ohci_sunxi:[INFO]: [sunxi-ohci1]: probe, pdev->name: 4200400.ohci1-controller, sunxi_ohci: 0xffffffc0819b8218
[    3.149954] sunxi-ohci 4200400.ohci1-controller: supply drvvbus not found, using dummy regulator
[    3.150248] sunxi-ohci 4200400.ohci1-controller: supply hci not found, using dummy regulator
[    3.150416] sunxi-ohci 4200400.ohci1-controller: OHCI Host Controller
[    3.150460] sunxi-ohci 4200400.ohci1-controller: new USB bus registered, assigned bus number 4
[    3.150661] sunxi-ohci 4200400.ohci1-controller: irq 521, io mem 0x04200400
[    3.212795] usb usb4: New USB device found, idVendor=1d6b, idProduct=0001, bcdDevice= 6.06
[    3.212818] usb usb4: New USB device strings: Mfr=3, Product=2, SerialNumber=1
[    3.212829] usb usb4: Product: OHCI Host Controller
[    3.212838] usb usb4: Manufacturer: Linux 6.6.98-sun60iw2 ohci_hcd
[    3.212846] usb usb4: SerialNumber: sunxi-ohci
[    3.213791] hub 4-0:1.0: USB hub found
[    3.213872] hub 4-0:1.0: 1 port detected
[    3.214835] sunxi:sound-mach:[WARN]: 372 asoc_simple_parse_ucfmt(): set data late to default
[    3.214894] sunxi:sound-mach:[ERR]: 513 simple_parse_of(): simple_dai_link_of failed
[    3.215994] sunxi:sunxi_usbc:[INFO]: OTG can't find bcten-gpio, use default mode.
[    3.216434] sunxi:sunxi_usbc:[INFO]: get id is fail, -61
[    3.216751] sunxi:sunxi_usbc:[ERR]: ERR: usb detect mode isn't supported
[    3.216766] otg manager: probe of 10.usbc0 failed with error -1
[    3.216911] sunxi:sound-mach:[WARN]: 372 asoc_simple_parse_ucfmt(): set data late to default
[    3.216958] sunxi:sound-mach:[ERR]: 513 simple_parse_of(): simple_dai_link_of failed
[    3.217188] clk: Not disabling unused clocks
[    3.217298] ALSA device list:
[    3.217310]   #0: allwinner-hdmi
[    3.219177] Freeing unused kernel memory: 2752K
[    3.219372] Run /init as init process
[    3.219385]   with arguments:
[    3.219394]     /init
[    3.219404]     splash
[    3.219413]   with environment:
[    3.219422]     HOME=/
[    3.219431]     TERM=linux
[    3.219440]     cgroup_enable=memory
[    3.219451]     cgroup_memory=1
[    3.641033] EXT4-fs (mmcblk1p1): mounted filesystem c672c6d0-8a70-403b-9d09-f090571a2022 ro with writeback data mode. Quota mode: disabled.
[    4.024381] systemd[1]: System time before build time, advancing clock.
[    4.050872] systemd[1]: systemd 247.3-7+deb11u8 running in system mode. (+PAM +AUDIT +SELINUX +IMA +APPARMOR +SMACK +SYSVINIT +UTMP +LIBCRYPTSETUP +GCRYPT +GNUTLS +ACL +XZ +LZ4 +ZSTD +SECCOMP +BLKID +ELFUTILS +KMOD +IDN2 -IDN +PCRE2 default-hierarchy=unified)
[    4.051256] systemd[1]: Detected architecture arm64.
[    4.054868] systemd[1]: Set hostname to <orangepizero3w>.
[    4.099204] systemd[1]: Using hardware watchdog 'sunxi-wdt', version 0, device /dev/watchdog
[    4.099233] systemd[1]: Set hardware watchdog to 16s.
[    4.405204] systemd[1]: /lib/systemd/system/plymouth-start.service:16: Unit configured to use KillMode=none. This is unsafe, as it disables systemd's process lifecycle management for the service. Please update your service to use a safer KillMode=, such as 'mixed' or 'control-group'. Support for KillMode=none is deprecated and will eventually be removed.
[    4.458427] systemd[1]: Queued start job for default target Graphical Interface.
[    5.232008] random: crng init done
[    5.252015] systemd[1]: Created slice system-getty.slice.
[    5.253537] systemd[1]: Created slice system-modprobe.slice.
[    5.254837] systemd[1]: Created slice system-serial\x2dgetty.slice.
[    5.255981] systemd[1]: Created slice User and Session Slice.
[    5.256336] systemd[1]: Started Forward Password Requests to Wall Directory Watch.
[    5.256620] systemd[1]: Condition check resulted in Arbitrary Executable File Formats File System Automount Point being skipped.
[    5.256951] systemd[1]: Reached target Remote File Systems.
[    5.257057] systemd[1]: Reached target Slices.
[    5.257189] systemd[1]: Reached target Swap.
[    5.257792] systemd[1]: Listening on Syslog Socket.
[    5.258212] systemd[1]: Listening on fsck to fsckd communication Socket.
[    5.258470] systemd[1]: Listening on initctl Compatibility Named Pipe.
[    5.259107] systemd[1]: Listening on Journal Audit Socket.
[    5.259524] systemd[1]: Listening on Journal Socket (/dev/log).
[    5.260109] systemd[1]: Listening on Journal Socket.
[    5.260673] systemd[1]: Listening on udev Control Socket.
[    5.261076] systemd[1]: Listening on udev Kernel Socket.
[    5.263219] systemd[1]: Mounting Huge Pages File System...
[    5.264621] systemd[1]: Mounting POSIX Message Queue File System...
[    5.266098] systemd[1]: Mounting Kernel Debug File System...
[    5.266318] systemd[1]: Condition check resulted in Kernel Trace File System being skipped.
[    5.270117] systemd[1]: Starting Restore / save the current clock...
[    5.271814] systemd[1]: Starting Set the console keyboard layout...
[    5.271986] systemd[1]: Condition check resulted in Create list of static device nodes for the current kernel being skipped.
[    5.273413] systemd[1]: Starting Load Kernel Module configfs...
[    5.274796] systemd[1]: Starting Load Kernel Module drm...
[    5.276392] systemd[1]: Starting Load Kernel Module fuse...
[    5.278075] systemd[1]: Started Nameserver information manager.
[    5.278472] systemd[1]: Reached target Network (Pre).
[    5.280976] systemd[1]: Condition check resulted in Set Up Additional Binary Formats being skipped.
[    5.281074] systemd[1]: Condition check resulted in File System Check on Root Device being skipped.
[    5.284125] systemd[1]: Starting Load Kernel Modules...
[    5.285741] systemd[1]: Starting Remount Root and Kernel File Systems...
[    5.287388] systemd[1]: Starting Coldplug All udev Devices...
[    5.289867] systemd[1]: Mounted Huge Pages File System.
[    5.290215] systemd[1]: Mounted POSIX Message Queue File System.
[    5.290480] systemd[1]: Mounted Kernel Debug File System.
[    5.290838] systemd[1]: modprobe@configfs.service: Succeeded.
[    5.291177] systemd[1]: Finished Load Kernel Module configfs.
[    5.291915] systemd[1]: modprobe@drm.service: Succeeded.
[    5.292234] systemd[1]: Finished Load Kernel Module drm.
[    5.292731] systemd[1]: modprobe@fuse.service: Succeeded.
[    5.293052] systemd[1]: Finished Load Kernel Module fuse.
[    5.293770] systemd[1]: Finished Restore / save the current clock.
[    5.296413] systemd[1]: Mounting FUSE Control File System...
[    5.298058] systemd[1]: Mounting Kernel Configuration File System...
[    5.302395] systemd[1]: Mounted FUSE Control File System.
[    5.303744] systemd[1]: Mounted Kernel Configuration File System.
[    5.341426] EXT4-fs (mmcblk1p1): re-mounted c672c6d0-8a70-403b-9d09-f090571a2022 r/w.
[    5.344584] systemd[1]: Finished Remount Root and Kernel File Systems.
[    5.345209] sunxi:vin:[WARN]: sensor_helper_probe: cannot get sensor0_cameravdd supply, setting it to NULL!
[    5.345233] sunxi:vin:[WARN]: sensor_helper_probe: cannot get sensor0_iovdd supply, setting it to NULL!
[    5.345245] sunxi:vin:[WARN]: sensor_helper_probe: cannot get sensor0_avdd supply, setting it to NULL!
[    5.345257] sunxi:vin:[WARN]: sensor_helper_probe: cannot get sensor0_dvdd supply, setting it to NULL!
[    5.345880] systemd[1]: Condition check resulted in Rebuild Hardware Database being skipped.
[    5.345893] sunxi:sound-mach:[WARN]: 372 asoc_simple_parse_ucfmt(): set data late to default
[    5.345913] sunxi:sound-mach:[ERR]: 513 simple_parse_of(): simple_dai_link_of failed
[    5.345946] systemd[1]: Condition check resulted in Platform Persistent Storage Archival being skipped.
[    5.359381] vin_v4l2: loading out-of-tree module taints kernel.
[    5.361665] sunxi:sound-mach:[WARN]: 372 asoc_simple_parse_ucfmt(): set data late to default
[    5.361691] sunxi:sound-mach:[ERR]: 513 simple_parse_of(): simple_dai_link_of failed
[    5.361755] vin_tdm 5908000.tdm: Adding to iommu group 0
[    5.362504] vin_isp 5900000.isp: Adding to iommu group 0
[    5.362505] sunxi:sound-mach:[WARN]: 372 asoc_simple_parse_ucfmt(): set data late to default
[    5.362516] sunxi:sound-mach:[ERR]: 513 simple_parse_of(): simple_dai_link_of failed
[    5.363347] sunxi:sound-mach:[WARN]: 372 asoc_simple_parse_ucfmt(): set data late to default
[    5.363359] sunxi:sound-mach:[ERR]: 513 simple_parse_of(): simple_dai_link_of failed
[    5.364052] sunxi:sound-mach:[WARN]: 372 asoc_simple_parse_ucfmt(): set data late to default
[    5.364063] sunxi:sound-mach:[ERR]: 513 simple_parse_of(): simple_dai_link_of failed
[    5.364497] sunxi:sound-mach:[WARN]: 372 asoc_simple_parse_ucfmt(): set data late to default
[    5.364507] sunxi:sound-mach:[ERR]: 513 simple_parse_of(): simple_dai_link_of failed
[    5.364936] sunxi:sound-mach:[WARN]: 372 asoc_simple_parse_ucfmt(): set data late to default
[    5.364949] sunxi:sound-mach:[ERR]: 513 simple_parse_of(): simple_dai_link_of failed
[    5.365017] vin_scaler 5910000.scaler: Adding to iommu group 0
[    5.365485] vin_scaler 5910400.scaler: Adding to iommu group 0
[    5.365812] sunxi:sound-mach:[WARN]: 372 asoc_simple_parse_ucfmt(): set data late to default
[    5.365823] sunxi:sound-mach:[ERR]: 513 simple_parse_of(): simple_dai_link_of failed
[    5.365997] vin_scaler 5910800.scaler: Adding to iommu group 0
[    5.366317] sunxi:sound-mach:[WARN]: 372 asoc_simple_parse_ucfmt(): set data late to default
[    5.366328] sunxi:sound-mach:[ERR]: 513 simple_parse_of(): simple_dai_link_of failed
[    5.366478] vin_scaler 5800800.vind:scaler@16: Adding to iommu group 0
[    5.366697] sunxi:vin:[ERR]: failed to get vipp16 IRQ resource
[    5.366901] sunxi:sound-mach:[WARN]: 372 asoc_simple_parse_ucfmt(): set data late to default
[    5.366912] sunxi:sound-mach:[ERR]: 513 simple_parse_of(): simple_dai_link_of failed
[    5.367032] sunxi-vin-core 5830000.vinc: Adding to iommu group 0
[    5.367442] sunxi-vin-core 5831000.vinc: Adding to iommu group 0
[    5.367663] sunxi:vin:[ERR]: vinc4_isp_tx_ch = 1, but isp0 has a single output channel on this SoC; forcing 0 (video4 would otherwise silently never receive a frame)
[    5.367697] sunxi:sound-mach:[WARN]: 372 asoc_simple_parse_ucfmt(): set data late to default
[    5.367709] sunxi:sound-mach:[ERR]: 513 simple_parse_of(): simple_dai_link_of failed
[    5.367856] sunxi-vin-core 5832000.vinc: Adding to iommu group 0
[    5.368301] sunxi:sound-mach:[WARN]: 372 asoc_simple_parse_ucfmt(): set data late to default
[    5.368312] sunxi:sound-mach:[ERR]: 513 simple_parse_of(): simple_dai_link_of failed
[    5.370644] sunxi:vin:[WARN]: get csi mipi clk fail
[    5.370662] sunxi:vin:[WARN]: get csi mipi src clk fail
[    5.370695] sunxi:vin:[WARN]: Get isp bus clk failed!
[    5.370714] sunxi:vin:[WARN]: Get isp reset control fail
[    5.378806] sunxi:sound-mach:[WARN]: 372 asoc_simple_parse_ucfmt(): set data late to default
[    5.378831] sunxi:sound-mach:[ERR]: 513 simple_parse_of(): simple_dai_link_of failed
[    5.388267] systemd[1]: Starting Load/Save Random Seed...
[    5.390028] systemd[1]: Starting Create System Users...
[    5.416530] systemd[1]: Finished Load/Save Random Seed.
[    5.417195] systemd[1]: Condition check resulted in First Boot Complete being skipped.
[    5.420955] systemd[1]: Finished Create System Users.
[    5.422855] systemd[1]: Starting Create Static Device Nodes in /dev...
[    5.423541] systemd[1]: Finished Set the console keyboard layout.
[    5.435115] sunxi:vin:[INFO]: [ar0234_mipi]V4L2_IDENT_SENSOR = 0xa56
[    5.435136] sunxi:vin:[INFO]: [ar0234_mipi]find the onsemi AR0234 ***********
[    5.447629] sunxi:vin:[INFO]: vinc1 is null
[    5.447645] sunxi:vin:[INFO]: vinc2 is null
[    5.447648] sunxi:vin:[INFO]: vinc3 is null
[    5.447904] sunxi:vin:[INFO]: vinc5 is null
[    5.447915] sunxi:vin:[INFO]: vinc6 is null
[    5.447920] sunxi:vin:[INFO]: vinc7 is null
[    5.447924] sunxi:vin:[ERR]: vinc8 (device_id 8) needs sensor2 (vinc8_rear_sensor_sel = 2) but no sensor is bound to that slot, so no /dev/video8 will be created
[    5.447932] sunxi:vin:[INFO]: vinc9 is null
[    5.447936] sunxi:vin:[INFO]: vinc10 is null
[    5.447940] sunxi:vin:[INFO]: vinc11 is null
[    5.447944] sunxi:vin:[INFO]: vinc12 is null
[    5.447947] sunxi:vin:[INFO]: vinc13 is null
[    5.447951] sunxi:vin:[INFO]: vinc14 is null
[    5.447955] sunxi:vin:[INFO]: vinc15 is null
[    5.447959] sunxi:vin:[INFO]: vinc16 is null
[    5.447962] sunxi:vin:[INFO]: vinc17 is null
[    5.450722] sunxi:sound-mach:[WARN]: 372 asoc_simple_parse_ucfmt(): set data late to default
[    5.450751] sunxi:sound-mach:[ERR]: 513 simple_parse_of(): simple_dai_link_of failed
[    5.460529] aicbsp_init
[    5.460544] aicbsp_init, Driver Release Tag: aic-bsp-compatible(sdio)-20250410-002
[    5.461088] -->aicbt_rfkill_init
[    5.461218] <--aicbt_rfkill_init
[    5.461353] sunxi:sound-mach:[WARN]: 372 asoc_simple_parse_ucfmt(): set data late to default
[    5.461374] sunxi:sound-mach:[ERR]: 513 simple_parse_of(): simple_dai_link_of failed
[    5.470979] systemd[1]: Finished Create Static Device Nodes in /dev.
[    5.471597] systemd[1]: Reached target Local File Systems (Pre).
[    5.474966] >>> rwnx_mod_init()
[    5.474983] rwnx 20250410-011-6.4.3.0 - - 241c091M (master)
[    5.474986] Driver Release Tag: aic-rwnx-compatible(sdio)-20250410-011
[    5.474990] aicbsp: aicbsp_set_subsys, subsys: AIC_WIFI, state to: 1
[    5.474995] aicbsp: aicbsp_set_subsys, power state change to 1 dure to AIC_WIFI
[    5.474999] aicbsp: aicbsp_platform_power_on
[    5.475005] sunxi-rfkill soc@3000000:rfkill: bus_index: 1
[    5.475373] aicbsp: aicbsp_platform_power_on disable MMC_CAP_UHS_DDR50 for host 00000000ea18d6ff
[    5.486633] sunxi-rfkill soc@3000000:rfkill: wlan power on success
[    5.516503] systemd[1]: Mounting /tmp...
[    5.520723] systemd[1]: Starting Rule-based Manager for Device Events and Files...
[    5.523550] systemd[1]: Finished Coldplug All udev Devices.
[    5.524110] systemd[1]: Mounted /tmp.
[    5.524380] systemd[1]: Reached target Local File Systems.
[    5.524536] systemd[1]: Condition check resulted in Load AppArmor profiles being skipped.
[    5.526659] systemd[1]: Starting Set console font and keymap...
[    5.529140] systemd[1]: Starting Helper to synchronize boot up for ifupdown...
[    5.531162] systemd[1]: Starting Orange Pi ZRAM config...
[    5.533236] systemd[1]: Starting Tell Plymouth To Write Out Runtime Data...
[    5.533407] systemd[1]: Condition check resulted in Store a System Token in an EFI Variable being skipped.
[    5.533509] systemd[1]: Condition check resulted in Commit a transient machine-id on disk being skipped.
[    5.535514] systemd[1]: Starting Wait for udev To Complete Device Initialization...
[    5.536692] sunxi:sunxi_mmc_host-4021000.sdmmc:[INFO]: sdc set ios:clk 0Hz bm PP pm UP vdd 21 width 1 timing LEGACY(SDR12) dt B
[    5.540085] systemd[1]: Finished Set console font and keymap.
[    5.549283] sunxi:sunxi_mmc_host-4021000.sdmmc:[INFO]: sdc set ios:clk 400000Hz bm PP pm ON vdd 21 width 1 timing LEGACY(SDR12) dt B
[    5.557748] systemd[1]: Finished Helper to synchronize boot up for ifupdown.
[    5.560915] sunxi:sunxi_mmc_host-4021000.sdmmc:[ERR]: smc 2 p1 err, cmd 52, RTO !!
[    5.561822] sunxi:sunxi_mmc_host-4021000.sdmmc:[ERR]: smc 2 p1 err, cmd 52, RTO !!
[    5.561912] sunxi:sunxi_mmc_host-4021000.sdmmc:[INFO]: sdc set ios:clk 400000Hz bm PP pm ON vdd 21 width 1 timing LEGACY(SDR12) dt B
[    5.564137] systemd[1]: Received SIGRTMIN+20 from PID 201 (plymouthd).
[    5.564886] sunxi:sunxi_mmc_host-4021000.sdmmc:[INFO]: sdc set ios:clk 400000Hz bm PP pm ON vdd 21 width 1 timing LEGACY(SDR12) dt B
[    5.569242] systemd[1]: Finished Tell Plymouth To Write Out Runtime Data.
[    5.576936] sunxi:sunxi_mmc_host-4021000.sdmmc:[INFO]: sdc set ios:clk 400000Hz bm PP pm ON vdd 21 width 4 timing LEGACY(SDR12) dt B
[    5.577636] sunxi:sunxi_mmc_host-4021000.sdmmc:[INFO]: sdc set ios:clk 400000Hz bm PP pm ON vdd 21 width 4 timing UHS-SDR104 dt B
[    5.577697] sunxi:sunxi_mmc_host-4021000.sdmmc:[INFO]: sdc set ios:clk 208000000Hz bm PP pm ON vdd 21 width 4 timing UHS-SDR104 dt B
[    5.577836] sunxi:sunxi_mmc_host-4021000.sdmmc:[INFO]: sdc set ios:clk 200000000Hz bm PP pm ON vdd 21 width 4 timing UHS-SDR104 dt B
[    5.577875] sunxi:sunxi_mmc_host-4021000.sdmmc:[INFO]: used kernel tuning, delay = 0
[    5.577882] sunxi:sunxi_mmc_host-4021000.sdmmc:[INFO]: change sample method
[    5.577885] sunxi:sunxi_mmc_host-4021000.sdmmc:[INFO]: start tuning, tuning clk = 200000000  opcode=19
[    5.577890] sunxi:sunxi_mmc_host-4021000.sdmmc:[INFO]: ----speed mode = 6
[    5.595425] sunxi:sunxi_mmc_host-4021000.sdmmc:[INFO]: tuning section: 
[    5.595431] sunxi:sunxi_mmc_host-4021000.sdmmc:[INFO]: [0-14|15] 
[    5.595434] sunxi:sunxi_mmc_host-4021000.sdmmc:[INFO]: [20-61|42] 
[    5.595437] sunxi:sunxi_mmc_host-4021000.sdmmc:[INFO]: 
[    5.595440] sunxi:sunxi_mmc_host-4021000.sdmmc:[INFO]: tuning result: 20 - 61,  best: 41
[    5.596254] mmc2: new ultra high speed SDR104 SDIO card at address 390b
[    5.597098] sunxi:sound-mach:[WARN]: 372 asoc_simple_parse_ucfmt(): set data late to default
[    5.597124] sunxi:sound-mach:[ERR]: 513 simple_parse_of(): simple_dai_link_of failed
[    5.611843] aicbsp: aicbsp_sdio_probe:2
[    5.611852] aicbsp: aicbsp_sdio_probe:2, matched chip: aic8800d80
[    5.611855] aicbsp: aicbsp_sdio_probe after replace:1
[    5.611859] aicbsp: aicbsp_sdio_probe host max clock frequecy: 208000000
[    5.611863] aicbsp: aicwf_sdio_reg_init
[    5.627831] sunxi:sunxi_mmc_host-4021000.sdmmc:[INFO]: sdc set ios:clk 208000000Hz bm PP pm ON vdd 21 width 4 timing UHS-SDR104 dt B
[    5.628163] sunxi:sunxi_mmc_host-4021000.sdmmc:[INFO]: used kernel tuning, delay = 41
[    5.628170] aicbsp: Set SDIO Clock 200 MHz
[    5.628783] aicbsp:sdio_f1_flag 0
[    5.628873] sunxi:sound-mach:[WARN]: 372 asoc_simple_parse_ucfmt(): set data late to default
[    5.628899] sunxi:sound-mach:[ERR]: 513 simple_parse_of(): simple_dai_link_of failed
[    5.629037] aicbsp: aicbsp_8800d80_fw_init, rev id: 0x7, subrev id: 0x82, is_chip_id_h: 0
[    5.634373] rwnx_request_firmware, name: aic8800d80/fw_patch_table_8800d80_u02.bin
[    5.634419] aicbt_patch_info_unpack head->len:4 base_len:4 
[    5.634424] aicbt_patch_info_unpack memcpy_len:4 
[    5.634427] aicbt_patch_info_unpack adid_addrinf:1e602c addr_adid:201940 
[    5.635011] rwnx_request_firmware, name: aic8800d80/fw_adid_8800d80_u02.bin
[    5.636486] rwnx_request_firmware, name: aic8800d80/fw_patch_8800d80_u02.bin
[    5.641716] aicbt_patch_table_load bt uart baud: 1500000, flowctrl: 1, lpm_enable: 1, tx_pwr: 28463, bt mode:5.
[    5.702449] systemd[1]: Started Rule-based Manager for Device Events and Files.
[    5.737396] systemd[1]: Starting Show Plymouth Boot Screen...
[    5.776495] systemd[1]: Started Show Plymouth Boot Screen.
[    5.777137] systemd[1]: Condition check resulted in Dispatch Password Requests to Console Directory Watch when bootsplash is active being skipped.
[    5.777593] systemd[1]: Started Forward Password Requests to Plymouth Directory Watch.
[    5.777809] systemd[1]: Reached target Local Encrypted Volumes.
[    5.814253] zram0: detected capacity change from 0 to 3939528
[    5.839170] Adding 1969760k swap on /dev/zram0.  Priority:5 extents:1 across:1969760k SS
[    5.847163] systemd[1]: Found device /dev/ttyS0.
[    5.861958] sunxi:VE:[INFO]: 2215 sunxi_cedar_init(): sunxi cedar version 1.1
[    5.870434] sunxi-cedar 1c0e000.ve: Adding to iommu group 0
[    5.870935] sunxi:VE:[INFO]: 2137 sunxi_cedar_probe(): probe ve
[    5.873455] sunxi-cedar 1c0e000.ve: supply ve not found, using dummy regulator
[    5.874063] sunxi:VE:[WARN]: 392 ve_dvfs_get_attr(): get vf table failed, default 624MHz
[    5.889449] sunxi-cedar soc@3000000:ve1@1c0e000: Adding to iommu group 0
[    5.889920] sunxi:VE:[INFO]: 2140 sunxi_cedar_probe(): probe ve1
[    5.890103] sunxi-cedar 1c10000.ve2: Adding to iommu group 0
[    5.890551] sunxi:VE:[INFO]: 2143 sunxi_cedar_probe(): probe ve2
[    5.890636] sunxi:sound-mach:[WARN]: 372 asoc_simple_parse_ucfmt(): set data late to default
[    5.890697] sunxi:sound-mach:[ERR]: 513 simple_parse_of(): simple_dai_link_of failed
[    5.891714] sunxi:sound-mach:[WARN]: 372 asoc_simple_parse_ucfmt(): set data late to default
[    5.891739] sunxi:sound-mach:[ERR]: 513 simple_parse_of(): simple_dai_link_of failed
[    5.902243] systemd[1]: Reached target Hardware activated USB gadget.
[    5.908721] sunxi-cedar 1c10000.ve2: supply ve not found, using dummy regulator
[    5.917768] sunxi:VE:[WARN]: 392 ve_dvfs_get_attr(): get vf table failed, default 624MHz
[    5.919422] sunxi:sound-mach:[WARN]: 372 asoc_simple_parse_ucfmt(): set data late to default
[    5.919435] sunxi:sound-mach:[ERR]: 513 simple_parse_of(): simple_dai_link_of failed
[    5.947665] npu[154][154] vipcore, platform driver init
[    5.947676] npu[154][154] vipcore, insmod param cpu_physical=0x0
[    5.947678] npu[154][154] vipcore, insmod param cpu_physical=0x0
[    5.947680] npu[154][154] vipcore, insmod param cpu_physical=0x0
[    5.947682] npu[154][154] vipcore, insmod param cpu_physical=0x0
[    5.947684] npu[154][154] vipcore, platform device compatible=allwinner,npu
[    5.948084] npu[154][154] vipcore, platform driver device=0xffffff80c0aa7810
[    5.948119] npu[154][154] clock_rate: 26000000
[    5.949617] npu[154][154] vipcore irq number is 532.
[    5.949628] npu[154][154] npu power domains status: 0
[    5.949667] NPU AXI CLK NULL
[    5.949669] NPU AHB CLK NULL
[    5.949671] NPU TZMA CLK NULL
[    5.949695] npu[154][154] EXTRA: 0x, SID: 0x0, max_freq: 1200000000, default_freq: 1200000000
[    5.949701] npu[154][154] current dvfs: 0, vf index: 0
[    5.950141] npu[154][154] successed to set opp regulator
[    5.950178] npu[154][154] Supported vf list: 
[    5.950185] npu[154][154]     freq: 492000000, vol: 800000
[    5.950248] npu[154][154]     freq: 852000000, vol: 800000
[    5.950287] npu[154][154]     freq: 1008000000, vol: 960000
[    5.950319] npu[154][154] get freq list and add opp successfully
[    5.950398] npu[154][154] target rate: 1008000000, vol: 960000, target_fscale: 100
[    5.950402] npu[154][154] npu devfreq added
[    5.950644] npu[154][154] successed to register cooling device
[    5.950651] npu[154][154] enable aw vip devfreq
[    5.950667] npu[154][154] NPU Use VF0000, use freq 1008 MHz
[    5.950769] npu[154][154] Want set pclk rate(1008000000) support(1008000000) real(1008000000)
[    5.950772] npu[154][154] Want set mclk rate(1008000000) support(1008000000) real(1008000000)
[    5.951574] npu[154][154] Get NPU Regulator Control FAIL!
[    5.951743] npu[154][154] Want set npu vol(960000) now vol(800000)
[    5.951760] npu[154][154] Want set pclk rate(1008000000) support(1008000000) real(1008000000)
[    5.951767] npu[154][154] Want set mclk rate(1008000000) support(1008000000) real(1008000000)
[    5.951813] npu[154][154] vipcore, device_cnt=1, core_cnt=1
[    5.952517] npu[154][154] core_0, request irqline=532, name=vipcore_0
[    5.953205] npu[154][154] vipcore, allocate page for video memory, size: 0x400000 bytes
[    5.953228] npu[154][154] vipcore, heap_cnt=0, reserved video memory cpu_phy=0x49800000, vip_phy=0x49800000, size=0x400000
[    5.953282] npu[154][154] VIPLite driver version 2.0.3.4-AW-2025-10-27
[    5.954479] sunxi:sound-mach:[WARN]: 372 asoc_simple_parse_ucfmt(): set data late to default
[    5.954496] sunxi:sound-mach:[ERR]: 513 simple_parse_of(): simple_dai_link_of failed
[    5.958906] zram: Added device: zram1
[    6.000379] deinterlace 5400000.deinterlace: Adding to iommu group 0
[    6.000573] sunxi:deinterlace:[INFO]: DI probe
[    6.001209] sunxi:sound-mach:[WARN]: 372 asoc_simple_parse_ucfmt(): set data late to default
[    6.001227] sunxi:sound-mach:[ERR]: 513 simple_parse_of(): simple_dai_link_of failed
[    6.003173] platform 2527015.pwm0: supply pwm not found, using dummy regulator
[    6.003477] Goodix-TS 12-0014: supply AVDD28 not found, using dummy regulator
[    6.003568] Goodix-TS 12-0014: supply VDDIO not found, using dummy regulator
[    6.003974] sunxi:sound-mach:[WARN]: 372 asoc_simple_parse_ucfmt(): set data late to default
[    6.004102] sunxi:sound-mach:[ERR]: 513 simple_parse_of(): simple_dai_link_of failed
[    6.059456] systemd[1]: Listening on Load/Save RF Kill Switch Status /dev/rfkill Watch.
[    6.088776] systemd[1]: Starting Load/Save RF Kill Switch Status...
[    6.099907] Goodix-TS 12-0014: Error reading 1 bytes from 0x8140: -22
[    6.127971] Goodix-TS 12-0014: Error reading 1 bytes from 0x8140: -22
[    6.159854] Goodix-TS 12-0014: I2C communication failure: -22
[    6.160241] Goodix-TS: probe of 12-0014 failed with error -22
[    6.167383] aicbsp: bt patch version: - Jul 11 2024 10:38:54 - git 73d2ce5
[    6.213398] rwnx_request_firmware, name: aic8800d80/fmacfw_8800d80_u02.bin
[    6.262933] rd_version_val=06090101
[    6.262950] sunxi-rfkill soc@3000000:rfkill: set block: 0
[    6.274607] sunxi-rfkill soc@3000000:rfkill: bt power on success
[    6.278105] sunxi:sunxi_mmc_host-4021000.sdmmc:[INFO]: sdc set ios:clk 208000000Hz bm PP pm ON vdd 21 width 4 timing UHS-SDR104 dt B
[    6.278217] sunxi:sunxi_mmc_host-4021000.sdmmc:[INFO]: used kernel tuning, delay = 41
[    6.283306] aicbsp: aicbsp_resv_mem_alloc_skb, alloc resv_mem_txdata succuss, id: 0, size: 98304
[    6.283683] >>> rwnx_platform_init()
[    6.283690] >>> rwnx_cfg80211_init()
[    6.283697] rwnx_cfg80211_init sizeof(struct rwnx_hw):18264 
[    6.283733] >>> rwnx_init_aic()
[    6.283739] >>> rwnx_cmd_mgr_init()
[    6.283936] tcp_ack_init 
[    6.283945] aicwf_prealloc_txq_alloc, enter
[    6.283949] aicwf_prealloc_txq_alloc size is diff will to be kzalloc 
[    6.283959] aicwf_prealloc_txq_alloc txq kzalloc successful 
[    6.284062] >>> rwnx_send_set_stack_start_req()
[    6.284467] is 5g support = 1, vendor_info = 0x21
[    6.284632] Firmware Version: la Jul 03 2024 15:25:18 - g21266be
[    6.284637] >>> rwnx_platform_on()
[    6.284642] >>> rwnx_plat_fmac_load()
[    6.307078] userconfig file path:aic8800d80/aic_userconfig_8800d80.txt 
[    6.307276] rwnx_plat_userconfig_parsing, enable = 1
[    6.307290] rwnx_plat_userconfig_parsing, lvl_11b_11ag_1m_2g4 = 18
[    6.307303] rwnx_plat_userconfig_parsing, lvl_11b_11ag_2m_2g4 = 18
[    6.307316] rwnx_plat_userconfig_parsing, lvl_11b_11ag_5m5_2g4 = 18
[    6.307330] rwnx_plat_userconfig_parsing, lvl_11b_11ag_11m_2g4 = 18
[    6.307343] rwnx_plat_userconfig_parsing, lvl_11b_11ag_6m_2g4 = 18
[    6.307358] rwnx_plat_userconfig_parsing, lvl_11b_11ag_9m_2g4 = 18
[    6.307373] rwnx_plat_userconfig_parsing, lvl_11b_11ag_12m_2g4 = 18
[    6.307388] rwnx_plat_userconfig_parsing, lvl_11b_11ag_18m_2g4 = 18
[    6.307404] rwnx_plat_userconfig_parsing, lvl_11b_11ag_24m_2g4 = 16
[    6.307421] rwnx_plat_userconfig_parsing, lvl_11b_11ag_36m_2g4 = 16
[    6.307438] rwnx_plat_userconfig_parsing, lvl_11b_11ag_48m_2g4 = 15
[    6.307456] rwnx_plat_userconfig_parsing, lvl_11b_11ag_54m_2g4 = 15
[    6.307474] rwnx_plat_userconfig_parsing, lvl_11n_11ac_mcs0_2g4 = 18
[    6.307493] rwnx_plat_userconfig_parsing, lvl_11n_11ac_mcs1_2g4 = 18
[    6.307512] rwnx_plat_userconfig_parsing, lvl_11n_11ac_mcs2_2g4 = 18
[    6.307532] rwnx_plat_userconfig_parsing, lvl_11n_11ac_mcs3_2g4 = 18
[    6.307553] rwnx_plat_userconfig_parsing, lvl_11n_11ac_mcs4_2g4 = 16
[    6.307574] rwnx_plat_userconfig_parsing, lvl_11n_11ac_mcs5_2g4 = 16
[    6.307595] rwnx_plat_userconfig_parsing, lvl_11n_11ac_mcs6_2g4 = 15
[    6.307617] rwnx_plat_userconfig_parsing, lvl_11n_11ac_mcs7_2g4 = 15
[    6.307640] rwnx_plat_userconfig_parsing, lvl_11n_11ac_mcs8_2g4 = 14
[    6.307664] rwnx_plat_userconfig_parsing, lvl_11n_11ac_mcs9_2g4 = 14
[    6.307687] rwnx_plat_userconfig_parsing, lvl_11ax_mcs0_2g4 = 18
[    6.307710] rwnx_plat_userconfig_parsing, lvl_11ax_mcs1_2g4 = 18
[    6.307734] rwnx_plat_userconfig_parsing, lvl_11ax_mcs2_2g4 = 18
[    6.307759] rwnx_plat_userconfig_parsing, lvl_11ax_mcs3_2g4 = 18
[    6.307784] rwnx_plat_userconfig_parsing, lvl_11ax_mcs4_2g4 = 16
[    6.307809] rwnx_plat_userconfig_parsing, lvl_11ax_mcs5_2g4 = 16
[    6.307858] rwnx_plat_userconfig_parsing, lvl_11ax_mcs6_2g4 = 15
[    6.307886] rwnx_plat_userconfig_parsing, lvl_11ax_mcs7_2g4 = 15
[    6.307913] rwnx_plat_userconfig_parsing, lvl_11ax_mcs8_2g4 = 14
[    6.307941] rwnx_plat_userconfig_parsing, lvl_11ax_mcs9_2g4 = 14
[    6.307970] rwnx_plat_userconfig_parsing, lvl_11ax_mcs10_2g4 = 13
[    6.307999] rwnx_plat_userconfig_parsing, lvl_11ax_mcs11_2g4 = 13
[    6.308047] rwnx_plat_userconfig_parsing, lvl_11a_6m_5g = 18
[    6.308095] rwnx_plat_userconfig_parsing, lvl_11a_9m_5g = 18
[    6.308143] rwnx_plat_userconfig_parsing, lvl_11a_12m_5g = 18
[    6.308192] rwnx_plat_userconfig_parsing, lvl_11a_18m_5g = 18
[    6.308242] rwnx_plat_userconfig_parsing, lvl_11a_24m_5g = 16
[    6.308292] rwnx_plat_userconfig_parsing, lvl_11a_36m_5g = 16
[    6.308343] rwnx_plat_userconfig_parsing, lvl_11a_48m_5g = 15
[    6.308394] rwnx_plat_userconfig_parsing, lvl_11a_54m_5g = 15
[    6.308448] rwnx_plat_userconfig_parsing, lvl_11n_11ac_mcs0_5g = 18
[    6.308503] rwnx_plat_userconfig_parsing, lvl_11n_11ac_mcs1_5g = 18
[    6.308558] rwnx_plat_userconfig_parsing, lvl_11n_11ac_mcs2_5g = 18
[    6.308614] rwnx_plat_userconfig_parsing, lvl_11n_11ac_mcs3_5g = 18
[    6.308671] rwnx_plat_userconfig_parsing, lvl_11n_11ac_mcs4_5g = 16
[    6.308728] rwnx_plat_userconfig_parsing, lvl_11n_11ac_mcs5_5g = 16
[    6.308786] rwnx_plat_userconfig_parsing, lvl_11n_11ac_mcs6_5g = 15
[    6.308844] rwnx_plat_userconfig_parsing, lvl_11n_11ac_mcs7_5g = 15
[    6.308903] rwnx_plat_userconfig_parsing, lvl_11n_11ac_mcs8_5g = 14
[    6.308962] rwnx_plat_userconfig_parsing, lvl_11n_11ac_mcs9_5g = 14
[    6.309020] rwnx_plat_userconfig_parsing, lvl_11ax_mcs0_5g = 18
[    6.309079] rwnx_plat_userconfig_parsing, lvl_11ax_mcs1_5g = 18
[    6.309138] rwnx_plat_userconfig_parsing, lvl_11ax_mcs2_5g = 18
[    6.309197] rwnx_plat_userconfig_parsing, lvl_11ax_mcs3_5g = 18
[    6.309257] rwnx_plat_userconfig_parsing, lvl_11ax_mcs4_5g = 16
[    6.309318] rwnx_plat_userconfig_parsing, lvl_11ax_mcs5_5g = 16
[    6.309379] rwnx_plat_userconfig_parsing, lvl_11ax_mcs6_5g = 14
[    6.309440] rwnx_plat_userconfig_parsing, lvl_11ax_mcs7_5g = 14
[    6.309502] rwnx_plat_userconfig_parsing, lvl_11ax_mcs8_5g = 13
[    6.309565] rwnx_plat_userconfig_parsing, lvl_11ax_mcs9_5g = 13
[    6.309629] rwnx_plat_userconfig_parsing, lvl_11ax_mcs10_5g = 12
[    6.309694] rwnx_plat_userconfig_parsing, lvl_11ax_mcs11_5g = 12
[    6.309838] rwnx_plat_userconfig_parsing, lvl_adj_enable = 0
[    6.309905] rwnx_plat_userconfig_parsing, lvl_adj_2g4_chan_1_4 = 0
[    6.309973] rwnx_plat_userconfig_parsing, lvl_adj_2g4_chan_5_9 = 0
[    6.310041] rwnx_plat_userconfig_parsing, lvl_adj_2g4_chan_10_13 = 0
[    6.310948] rwnx_plat_userconfig_parsing, ofst_enable = 0
[    6.311023] rwnx_plat_userconfig_parsing, ofst_2g4_11b_chan_1_4 = 0
[    6.311099] rwnx_plat_userconfig_parsing, ofst_2g4_11b_chan_5_9 = 0
[    6.311175] rwnx_plat_userconfig_parsing, ofst_2g4_11b_chan_10_13 = 0
[    6.311253] rwnx_plat_userconfig_parsing, ofst_2g4_ofdm_highrate_chan_1_4 = 0
[    6.311331] rwnx_plat_userconfig_parsing, ofst_2g4_ofdm_highrate_chan_5_9 = 0
[    6.311410] rwnx_plat_userconfig_parsing, ofst_2g4_ofdm_highrate_chan_10_13 = 0
[    6.311490] rwnx_plat_userconfig_parsing, ofst_2g4_ofdm_lowrate_chan_1_4 = 0
[    6.311570] rwnx_plat_userconfig_parsing, ofst_2g4_ofdm_lowrate_chan_5_9 = 0
[    6.311652] rwnx_plat_userconfig_parsing, ofst_2g4_ofdm_lowrate_chan_10_13 = 0
[    6.311732] rwnx_plat_userconfig_parsing, ofst_5g_ofdm_lowrate_chan_42 = 0
[    6.311814] rwnx_plat_userconfig_parsing, ofst_5g_ofdm_lowrate_chan_58 = 0
[    6.311831] aicbsp: err:<aicwf_sdio_bus_pwrctl,1267>: bus down
[    6.311917] rwnx_plat_userconfig_parsing, ofst_5g_ofdm_lowrate_chan_106 = 0
[    6.312001] rwnx_plat_userconfig_parsing, ofst_5g_ofdm_lowrate_chan_122 = 0
[    6.312085] rwnx_plat_userconfig_parsing, ofst_5g_ofdm_lowrate_chan_138 = 0
[    6.312169] rwnx_plat_userconfig_parsing, ofst_5g_ofdm_lowrate_chan_155 = 0
[    6.312255] rwnx_plat_userconfig_parsing, ofst_5g_ofdm_highrate_chan_42 = 0
[    6.312340] rwnx_plat_userconfig_parsing, ofst_5g_ofdm_highrate_chan_58 = 0
[    6.312427] rwnx_plat_userconfig_parsing, ofst_5g_ofdm_highrate_chan_106 = 0
[    6.312515] rwnx_plat_userconfig_parsing, ofst_5g_ofdm_highrate_chan_122 = 0
[    6.312603] rwnx_plat_userconfig_parsing, ofst_5g_ofdm_highrate_chan_138 = 0
[    6.312691] rwnx_plat_userconfig_parsing, ofst_5g_ofdm_highrate_chan_155 = 0
[    6.312780] rwnx_plat_userconfig_parsing, ofst_5g_ofdm_midrate_chan_42 = 0
[    6.312870] rwnx_plat_userconfig_parsing, ofst_5g_ofdm_midrate_chan_58 = 0
[    6.312961] rwnx_plat_userconfig_parsing, ofst_5g_ofdm_midrate_chan_106 = 0
[    6.313052] rwnx_plat_userconfig_parsing, ofst_5g_ofdm_midrate_chan_122 = 0
[    6.313144] rwnx_plat_userconfig_parsing, ofst_5g_ofdm_midrate_chan_138 = 0
[    6.313236] rwnx_plat_userconfig_parsing, ofst_5g_ofdm_midrate_chan_155 = 0
[    6.313402] rwnx_plat_userconfig_parsing, xtal_enable = 0
[    6.313487] rwnx_plat_userconfig_parsing, xtal_cap = 24
[    6.313576] rwnx_plat_userconfig_parsing, xtal_cap_fine = 31
[    6.313592] >>> rwnx_send_txpwr_lvl_v3_req()
[    6.313799] >>> rwnx_send_txpwr_lvl_adj_req()
[    6.313806] >>> rwnx_msg_free()
[    6.313811] >>> rwnx_send_txpwr_ofst2x_req()
[    6.313817] rwnx_send_txpwr_ofst2x_req:Do not use txpwr_ofst2x
[    6.313821] >>> rwnx_msg_free()
[    6.313826] >>> rwnx_send_rf_calib_req()
[    6.329853] aicbt_set_power: start_block=0
[    6.329870] aicbsp: aicbsp_set_subsys, subsys: AIC_BLUETOOTH, state to: 1
[    6.329879] aicbsp: aicbsp_set_subsys, power state no need to change, current: 1
[    6.329887] aicbt_set_power: end_block=0
[    6.332140] systemd[1]: Started Load/Save RF Kill Switch Status.
[    6.382818] zram1: detected capacity change from 0 to 102400
[    6.563533] [sunxi bxm]SysDevInit start!
[    6.563553] pvrsrvkm 1800000.gpu: sunxi_platform_init start
[    6.563661] pvrsrvkm 1800000.gpu: warning: default clk_rate is NOT set in DTS, set it to default:600000000
[    6.563670] pvrsrvkm 1800000.gpu: sunxi_parse_dts clk_rate:600000000
[    6.564329] pvrsrvkm 1800000.gpu: succeed to get gpu regulator, default volt value:800000
[    6.564704] pvrsrvkm 1800000.gpu: get dvfs_code:0x595
[    6.564718] pvrsrvkm 1800000.gpu: get dvfs_value:0x0000
[    6.564731] pvrsrvkm 1800000.gpu: get opp-hz=400000000, opp-microvolt-vf0000=800000)
[    6.564741] pvrsrvkm 1800000.gpu: get opp-hz=600000000, opp-microvolt-vf0000=800000)
[    6.564750] pvrsrvkm 1800000.gpu: get opp-hz=800000000, opp-microvolt-vf0000=840000)
[    6.564760] pvrsrvkm 1800000.gpu: get opp-hz=1008000000, opp-microvolt-vf0000=960000)
[    6.564767] pvrsrvkm 1800000.gpu: opp count:4
[    6.564773] pvrsrvkm 1800000.gpu: change default clk_rate to max opp freq:1008000000 volt:960000
[    6.564780] pvrsrvkm 1800000.gpu: sunxi_parse_dts finished
[    6.564925] pvrsrvkm 1800000.gpu: sunxi_set_device_clk_rate:1008000000
[    6.566915] pvrsrvkm 1800000.gpu: sunxiSetVoltage:960000
[    6.566935] pvrsrvkm 1800000.gpu: sunxi_platform_init end
[    6.566950] [sunxi bxm]SysDevInit end!
[    6.567030] PVR_K:  349: Read BVNC 36.56.104.183 from HW device registers
[    6.567059] PVR_K:  349: RGX Device registered BVNC 36.56.104.183 with 1 core in the system
[    6.567796] pvrsrvkm 1800000.gpu: Found 4 OPP points.
[    6.567814] pvrsrvkm 1800000.gpu: opp[1/4]: (400000000 Hz, 800000 uV)
[    6.567843] pvrsrvkm 1800000.gpu: opp[2/4]: (600000000 Hz, 800000 uV)
[    6.567852] pvrsrvkm 1800000.gpu: opp[3/4]: (800000000 Hz, 840000 uV)
[    6.567860] pvrsrvkm 1800000.gpu: opp[4/4]: (1008000000 Hz, 960000 uV)
[    6.570088] pvrsrvkm 1800000.gpu: Cooling: power ops not registered, not enabling cooling
[    6.570552] [drm] Initialized pvr 24.2.6603887 20170530 for 1800000.gpu on minor 1
[    6.570976] sunxi:sound-mach:[WARN]: 372 asoc_simple_parse_ucfmt(): set data late to default
[    6.570988] sunxi:sound-mach:[ERR]: 513 simple_parse_of(): simple_dai_link_of failed
[    6.574470] systemd[1]: Finished Orange Pi ZRAM config.
[    6.624533] systemd[1]: Starting Orange Pi memory supported logging...
[    6.668858] alsactl[437]: memfd_create() called without MFD_EXEC or MFD_NOEXEC_SEAL set
[    6.687593] EXT4-fs (zram1): mounted filesystem 8fc6f200-0bda-4d04-9c9a-d01fd47345d6 r/w without journal. Quota mode: disabled.
[    6.687637] ext4 filesystem being mounted at /var/log supports timestamps until 2038-01-19 (0x7fffffff)
[    6.700652] systemd[1]: Condition check resulted in Dispatch Password Requests to Console Directory Watch when bootsplash is active being skipped.
[    6.700748] systemd[1]: Condition check resulted in Arbitrary Executable File Formats File System Automount Point being skipped.
[    6.701073] systemd[1]: Condition check resulted in Kernel Trace File System being skipped.
[    6.701194] systemd[1]: Condition check resulted in Load AppArmor profiles being skipped.
[    6.701307] systemd[1]: Condition check resulted in Create list of static device nodes for the current kernel being skipped.
[    6.701556] systemd[1]: Condition check resulted in Set Up Additional Binary Formats being skipped.
[    6.701632] systemd[1]: Condition check resulted in Store a System Token in an EFI Variable being skipped.
[    6.701858] systemd[1]: Condition check resulted in Rebuild Hardware Database being skipped.
[    6.701981] systemd[1]: Condition check resulted in Commit a transient machine-id on disk being skipped.
[    6.702048] systemd[1]: Condition check resulted in Platform Persistent Storage Archival being skipped.
[    7.254745] get macaddr: 24:f8:e3:17:ff:b6
[    7.254786] >>> rwnx_send_reset()
[    7.255765] >>> rwnx_send_version_req()
[    7.256182] >>> rwnx_set_vers()
[    7.256219] >>> rwnx_send_me_config_req()
[    7.256238] ieee80211 phy0: HT supp 1, VHT supp 1, HE supp 1
[    7.257005] >>> rwnx_send_me_chan_config_req()
[    7.257379] >>> rwnx_send_me_chan_config_req()
[    7.257508] >>> rwnx_dbgfs_register()
[    7.257596] rwnx_interface_add: wlan%d, 2, 10
[    7.257653] interface add:24 f8 e3 17 ff b6
[    7.263613] ieee80211 phy0: New interface create wlan0
[    7.263631] aic_ipc_setting, enter
[    7.263636] set_channel_access_req:edca[]= 0 138542 0 0
               vif_idx: 0, retry_cnt: 1e, rts_en: 0, long_nav_en: 0, cfe_en: 0, rc_retry_cnt: 2:2:7, ccademod_th = 0 remove_1m2m = 1
[    7.265088] sunxi:sound-mach:[WARN]: 372 asoc_simple_parse_ucfmt(): set data late to default
[    7.265118] sunxi:sound-mach:[ERR]: 513 simple_parse_of(): simple_dai_link_of failed
[    7.275507] [BT_LPM] bluesleep_init: BlueSleep Mode Driver Ver 1.3.3
[    7.275525] [BT_LPM] bluesleep_init: Driver Release Tag: aic-btlpm-20220429-011
[    7.275956] [BT_LPM] bluesleep_probe: bt_hostwake gpio=388 assert=1

[    7.275999] [BT_LPM] bluesleep_probe: wakeup source is disabled!

[    7.276018] [BT_LPM] bluesleep_probe: bt_wake gpio=387 assert=1

[    7.276035] [BT_LPM] bluesleep_probe: uart_index (1)

[    7.277165] sunxi:sound-mach:[WARN]: 372 asoc_simple_parse_ucfmt(): set data late to default
[    7.277189] sunxi:sound-mach:[ERR]: 513 simple_parse_of(): simple_dai_link_of failed
[    7.280263] systemd[1]: Finished Load Kernel Modules.
[    7.308700] systemd[1]: Starting Apply Kernel Variables...
[    7.321445] systemd[1]: Finished Apply Kernel Variables.
[    7.325360] systemd[1]: Starting Raise network interfaces...
[    7.413948] systemd[1]: Finished Wait for udev To Complete Device Initialization.
[    7.460354] systemd[1]: Starting Braille Device Support...
[    7.520218] systemd[1]: Finished Raise network interfaces.
[    7.597507] systemd[1]: Started Braille Device Support.
[    8.344300] systemd[1]: Finished Orange Pi memory supported logging.
[    8.377226] systemd[1]: Starting Journal Service...
[    8.483813] systemd[1]: Started Journal Service.
[    8.536078] systemd-journald[610]: Received client request to flush runtime journal.
[    8.541677] systemd-journald[610]: File /var/log/journal/234c9a3c13d3420fa4966a4fc92d3842/system.journal corrupted or uncleanly shut down, renaming and replacing.
[    9.051669] systemd-journald[610]: Failed to read journal file /var/log/journal/234c9a3c13d3420fa4966a4fc92d3842/user-1000.journal for rotation, trying to move it out of the way: Device or resource busy
[    9.249005] sunxi:sunxi_usbc:[INFO]: insmod_host_driver

[    9.249020] sunxi:ehci_sunxi:[INFO]: [ehci0-controller]: sunxi_usb_enable_ehci
[    9.249029] sunxi:ehci_sunxi:[INFO]: [sunxi-ehci0]: probe, pdev->name: 4101000.ehci0-controller, sunxi_ehci: 0xffffffc0819b7158, 0x:ffffffc081d1d000, irq_no:206
[    9.249096] sunxi-ehci 4101000.ehci0-controller: supply drvvbus not found, using dummy regulator
[    9.249326] sunxi-ehci 4101000.ehci0-controller: supply hci not found, using dummy regulator
[    9.249451] sunxi-ehci 4101000.ehci0-controller: EHCI Host Controller
[    9.249474] sunxi-ehci 4101000.ehci0-controller: new USB bus registered, assigned bus number 5
[    9.249587] sunxi-ehci 4101000.ehci0-controller: irq 518, io mem 0x04101000
[    9.267880] sunxi-ehci 4101000.ehci0-controller: USB 2.0 started, EHCI 1.00
[    9.268025] usb usb5: New USB device found, idVendor=1d6b, idProduct=0002, bcdDevice= 6.06
[    9.268034] usb usb5: New USB device strings: Mfr=3, Product=2, SerialNumber=1
[    9.268040] usb usb5: Product: EHCI Host Controller
[    9.268045] usb usb5: Manufacturer: Linux 6.6.98-sun60iw2 ehci_hcd
[    9.268049] usb usb5: SerialNumber: sunxi-ehci
[    9.268472] hub 5-0:1.0: USB hub found
[    9.268503] hub 5-0:1.0: 1 port detected
[    9.268788] sunxi:ohci_sunxi:[INFO]: [ohci0-controller]: sunxi_usb_enable_ohci
[    9.268798] sunxi:ohci_sunxi:[INFO]: [sunxi-ohci0]: probe, pdev->name: 4101400.ohci0-controller, sunxi_ohci: 0xffffffc0819b7de8
[    9.268852] sunxi-ohci 4101400.ohci0-controller: supply drvvbus not found, using dummy regulator
[    9.269003] sunxi-ohci 4101400.ohci0-controller: supply hci not found, using dummy regulator
[    9.269123] sunxi-ohci 4101400.ohci0-controller: OHCI Host Controller
[    9.269143] sunxi-ohci 4101400.ohci0-controller: new USB bus registered, assigned bus number 6
[    9.269181] debugfs: Directory 'sunxi-ohci' with parent 'ohci' already present!
[    9.269241] sunxi-ohci 4101400.ohci0-controller: irq 520, io mem 0x04101400
[    9.269434] sunxi:sound-mach:[WARN]: 372 asoc_simple_parse_ucfmt(): set data late to default
[    9.269456] sunxi:sound-mach:[ERR]: 513 simple_parse_of(): simple_dai_link_of failed
[    9.336171] usb usb6: New USB device found, idVendor=1d6b, idProduct=0001, bcdDevice= 6.06
[    9.336197] usb usb6: New USB device strings: Mfr=3, Product=2, SerialNumber=1
[    9.336203] usb usb6: Product: OHCI Host Controller
[    9.336207] usb usb6: Manufacturer: Linux 6.6.98-sun60iw2 ohci_hcd
[    9.336212] usb usb6: SerialNumber: sunxi-ohci
[    9.336692] hub 6-0:1.0: USB hub found
[    9.336727] hub 6-0:1.0: 1 port detected
[    9.337532] sunxi:sound-mach:[WARN]: 372 asoc_simple_parse_ucfmt(): set data late to default
[    9.337564] sunxi:sound-mach:[ERR]: 513 simple_parse_of(): simple_dai_link_of failed
[    9.337808] ------------[ cut here ]------------
[    9.337820] invalid sysfs_emit: buf:000000006e00b950
[    9.337840] WARNING: CPU: 1 PID: 633 at fs/sysfs/file.c:736 sysfs_emit+0xa4/0xb4
[    9.337855] Modules linked in: aic8800_btlpm pvrsrvkm(O) goodix_ts pwm_fan deinterlace vipcore sunxi_ve sun55iw3_devfreq aic8800_fdrv aic8800_bsp ar0234_mipi(O) vin_v4l2(O) videobuf2_dma_contig vin_io
[    9.337902] CPU: 1 PID: 633 Comm: orangepi-hardwa Tainted: G           O       6.6.98-sun60iw2 #1.0.0
[    9.337911] Hardware name: sun60iw2 (DT)
[    9.337914] pstate: 60400005 (nZCv daif +PAN -UAO -TCO -DIT -SSBS BTYPE=--)
[    9.337920] pc : sysfs_emit+0xa4/0xb4
[    9.337925] lr : sysfs_emit+0xa4/0xb4
[    9.337930] sp : ffffffc083ffbbb0
[    9.337933] x29: ffffffc083ffbbb0 x28: ffffff80c133de80 x27: 0000000000000000
[    9.337943] x26: 0000000000000000 x25: 0000000000000000 x24: ffffff80c95e43e0
[    9.337953] x23: ffffffc083ffbd88 x22: ffffffc0819b9000 x21: ffffff80c3144cd0
[    9.337962] x20: 0000000000000001 x19: ffffffc0819b9780 x18: ffffffffffffffff
[    9.337971] x17: 0000000000000000 x16: 0000000000000000 x15: ffffffc08196904a
[    9.337981] x14: 0000000000000000 x13: ffffffc0816fad20 x12: 0000000000001185
[    9.337990] x11: 00000000000005d7 x10: ffffffc081752d20 x9 : ffffffc0816fad20
[    9.337999] x8 : 00000000ffffefff x7 : ffffffc081752d20 x6 : 0000000000000000
[    9.338008] x5 : ffffff80ff660908 x4 : 0000000000000000 x3 : ffffffc07e18a000
[    9.338017] x2 : 0000000000000000 x1 : 0000000000000000 x0 : ffffff80c133de80
[    9.338026] Call trace:
[    9.338030]  sysfs_emit+0xa4/0xb4
[    9.338036]  host_chose+0xa0/0xf0
[    9.338044]  set_otg_role+0x68/0x198
[    9.338050]  dev_attr_store+0x18/0x2c
[    9.338059]  sysfs_kf_write+0x44/0x54
[    9.338064]  kernfs_fop_write_iter+0x118/0x1a8
[    9.338072]  vfs_write+0x1f4/0x2b4
[    9.338080]  ksys_write+0x68/0xf4
[    9.338086]  __arm64_sys_write+0x1c/0x28
[    9.338093]  invoke_syscall+0x48/0x118
[    9.338103]  el0_svc_common.constprop.0+0x40/0xe8
[    9.338109]  do_el0_svc+0x20/0x2c
[    9.338114]  el0_svc+0x38/0x114
[    9.338122]  el0t_64_sync_handler+0x13c/0x158
[    9.338129]  el0t_64_sync+0x190/0x194
[    9.338135] ---[ end trace 0000000000000000 ]---
[    9.339156] [BT_LPM] bluesleep_write_proc_btwrite: lpm disabled, direct set ext_wake to 1

[    9.421312] Bluetooth: HCI UART driver ver 2.3
[    9.421340] Bluetooth: HCI UART protocol H4 registered
[    9.421346] Bluetooth: HCI UART protocol BCSP registered
[   10.159476] >>> rwnx_open()
[   10.159485] >>> rwnx_send_start()
[   10.160251] >>> rwnx_send_coex_req()
[   10.160359] rwnx_open rwnx_vif->drv_flags:4
[   10.160361] >>> rwnx_send_add_if()
[   10.262861] Bluetooth: BNEP (Ethernet Emulation) ver 1.3
[   10.262879] Bluetooth: BNEP filters: protocol multicast
[   10.262894] Bluetooth: BNEP socket layer initialized
[   10.266703] Bluetooth: MGMT ver 1.22
[   10.306966] rwnx_virtual_interface_add: 10, p2p-dev-wlan0
[   10.306978] rwnx_virtual_interface_add, ifname=p2p-dev-wlan0, wdev=00000000a2cad5e8, vif_idx=1
[   10.306982] p2p dev addr=24 f8 e3 17 ff b7
[   10.317984] P2P interface started
[   10.327681] >>> rwnx_cfg80211_scan()
[   10.327704] >>> rwnx_send_scanu_req()
[   11.875023] >>> rwnx_rx_scanu_start_cfm()
[   11.957060] >>> rwnx_cfg80211_connect()
[   11.957081] rwnx_set_conn_state drv_conn_state:0000000073682f1c RWNX_DRV_STATUS_DISCONNECTED --> RWNX_DRV_STATUS_CONNECTING 
[   11.957091] >>> rwnx_send_sm_connect_req()
[   11.957097] rwnx_send_sm_connect_req drv_vif_index:0 connect to OpenWrt(7) channel:5200 auth_type:0
[   12.086559] PVR_K:  1268: RGX Firmware image 'rgx.fw.36.56.104.183' loaded
[   12.093303] PVR_K:  1268: Shader binary image 'rgx.sh.36.56.104.183' loaded
[   12.210140] [drm] sunxi-hdmi: drm hdmi detect: disconnect
[   12.210801] [drm] sunxi-hdmi: drm hdmi detect: disconnect
[   12.334347] >>> rwnx_rx_sm_connect_ind()
[   12.334382] rwnx_rx_sm_connect_ind ind->roamed:0 ind->status_code:0 rwnx_vif->drv_conn_state:2
[   12.334401] rwnx_set_conn_state drv_conn_state:0000000073682f1c RWNX_DRV_STATUS_CONNECTING --> RWNX_DRV_STATUS_CONNECTED 
[   12.334409] rwnx_rx_sm_connect_ind cfg80211_connect_result pass, rwnx_vif->drv_conn_state:3
[   12.342420] need cfm ethertype:    8e88,user_idx=1, skb=0000000099ffbb39
[   12.342907] sdio_host_tx_cfm_handler:used_idx=0, 0x00000000a880d64a, status=9
[   12.346222] >>> rwnx_send_me_chan_config_req()
[   12.349691] need cfm ethertype:    8e88,user_idx=2, skb=00000000fb2bae94
[   12.349934] >>> rwnx_cfg80211_add_key()
[   12.349946] >>> rwnx_send_key_add()
[   12.349951] rwnx_send_key_add: sta_idx:0 key_idx:0 inst_nbr:0 cipher:2 key_len:16
[   12.350147] >>> rwnx_cfg80211_set_default_key()
[   12.350146] sdio_host_tx_cfm_handler:used_idx=1, 0x00000000a880d64a, status=9
[   12.350271] >>> rwnx_cfg80211_add_key()
[   12.350274] >>> rwnx_send_key_add()
[   12.350276] rwnx_send_key_add: sta_idx:255 key_idx:2 inst_nbr:0 cipher:2 key_len:16
[   12.350545] >>> rwnx_send_cfg_rssi_req()
[   12.351689] >>> rwnx_send_me_set_control_port_req()
[   12.384604] reord_init_sta:24:f8:e3:17:ff:b6
[   12.384632] paired=fac04, should=fac04
[   12.384638] >>> rwnx_send_arpoffload_en_req()
[   12.384663] >>> cmd_mgr_task_process()
[   12.409922] [drm] sunxi-hdmi: [error] hdmi drv set dynamic range 1 unsupport!
[   12.690881] [drm] sunxi_de_atomic_flush de 0 not enable, skip
[   12.690941] [drm] sunxi_de_atomic_flush de 1 not enable, skip
[   12.807635] >>> rwnx_rx_me_tx_credits_update_ind()
[   13.374772] [drm] sunxi-hdmi: hdmi drv audio set info done
[   13.374793] [drm] sunxi-hdmi: dw audio unset when hdmi_on(0) audio_on(0)
[   13.374799] [drm] sunxi-hdmi: hdmi drv audio set enable done
[   13.386939] dma dma0chan0: The timeout func is not suportted or chan->private is NULL, timeout mode not used
[   13.410894] Bluetooth: RFCOMM TTY layer initialized
[   13.410927] Bluetooth: RFCOMM socket layer initialized
[   13.410951] Bluetooth: RFCOMM ver 1.11
[   15.057145] [drm] sunxi-hdmi: drm hdmi detect: disconnect
[   16.316319] [drm] sunxi-hdmi: drm hdmi detect: disconnect
[   16.316563] [drm] sunxi-hdmi: drm hdmi detect: disconnect
[   17.376693] sunxi:sound-mach:[WARN]: 372 asoc_simple_parse_ucfmt(): set data late to default
[   17.376720] sunxi:sound-mach:[ERR]: 513 simple_parse_of(): simple_dai_link_of failed
[   17.376803] pdtest soc@3000000:pd_gpu_top_test@0: deferred probe timeout, ignoring dependency
[   17.376809] pdtest: probe of soc@3000000:pd_gpu_top_test@0 failed with error -110
[   17.376927] pdtest soc@3000000:pd_gpu_core_test@0: deferred probe timeout, ignoring dependency
[   17.376932] pdtest: probe of soc@3000000:pd_gpu_core_test@0 failed with error -110
[   17.377067] platform a020000.dmcfreq: deferred probe pending
[   17.377076] platform soc@3000000:i2s0_mach: deferred probe pending
[   18.390172] [drm] sunxi-hdmi: hdmi drv audio set disable done
[   21.371919] sunxi:sunxi_pd_test-soc@3000000:pd_vi_test@0:[WARN]: runtime_suspend disable clock
[   21.371939] sunxi:sunxi_pd_test-soc@3000000:pd_ve_dec_test@0:[WARN]: runtime_suspend disable clock
[   21.371946] sunxi:sunxi_pd_test-soc@3000000:pd_ve_enc_test@0:[WARN]: runtime_suspend disable clock
[   21.371951] sunxi:sunxi_pd_test-soc@3000000:pd_npu_test@0:[WARN]: runtime_suspend disable clock
[   21.371954] sunxi:sunxi_pd_test-soc@3000000:pd_pcie_test@0:[WARN]: runtime_suspend disable clock
[   21.371958] sunxi:sunxi_pd_test-soc@3000000:pd_usb2_test@0:[WARN]: runtime_suspend disable clock
[   21.371961] sunxi:sunxi_pd_test-soc@3000000:pd_de_sys_test@0:[WARN]: runtime_suspend disable clock
[   21.371967] sunxi:sunxi_pd_test-soc@3000000:pd_vo_test@0:[WARN]: runtime_suspend disable clock
[   21.371973] sunxi:sunxi_pd_test-soc@3000000:pd_vo1_test@0:[WARN]: runtime_suspend disable clock
[   33.761601] axp8191-bldo2: disabling
[   33.762473] axp8191-dldo2: disabling
[   33.763315] axp8191-eldo2: disabling
[  163.662708] REPRO-1789556600
[  163.736201] sunxi:vin:[INFO]: [ar0234_mipi]V4L2_IDENT_SENSOR = 0xa56
[  163.736219] sunxi:vin:[INFO]: [ar0234_mipi]find the onsemi AR0234 ***********
[  163.736512] sunxi:vin:[INFO]: isp0 sensor 1920x1200 vts 1220 fps 120: vblank 136 us, 3DNR off (limit 500 us)
[  163.742807] sunxi:vin:[INFO]: isp0: 3DNR forced off, sensor vblank 136 us < 500 us
[  163.743851] sunxi:vin:[INFO]: [ar0234_mipi]sensor_s_stream on = 1, 1920*1200 300a
[  164.061930] sunxi:vin:[INFO]: [ar0234_mipi]s_fmt set width = 1920, height = 1200, fll = 1220 (120 fps)
[  194.073732] sunxi:vin:[INFO]: [ar0234_mipi]sensor_s_stream on = 0, 1920*1200 300a
[  194.152931] sunxi:vin:[INFO]: [ar0234_mipi]V4L2_IDENT_SENSOR = 0xa56
[  194.152951] sunxi:vin:[INFO]: [ar0234_mipi]find the onsemi AR0234 ***********
[  194.153330] sunxi:vin:[INFO]: isp0 sensor 1920x1200 vts 1220 fps 120: vblank 136 us, 3DNR off (limit 500 us)
[  194.161790] sunxi:vin:[INFO]: isp0: 3DNR forced off, sensor vblank 136 us < 500 us
[  194.162436] sunxi:vin:[INFO]: [ar0234_mipi]sensor_s_stream on = 1, 1920*1200 300a
[  194.481249] sunxi:vin:[INFO]: [ar0234_mipi]s_fmt set width = 1920, height = 1200, fll = 1220 (120 fps)
[  224.493890] sunxi:vin:[INFO]: [ar0234_mipi]sensor_s_stream on = 0, 1920*1200 300a
[  416.194074] sunxi:vin:[INFO]: [ar0234_mipi]V4L2_IDENT_SENSOR = 0xa56
[  416.194095] sunxi:vin:[INFO]: [ar0234_mipi]find the onsemi AR0234 ***********
[  416.194383] sunxi:vin:[INFO]: isp0 sensor 1920x1200 vts 1220 fps 120: vblank 136 us, 3DNR off (limit 500 us)
[  416.200586] sunxi:vin:[INFO]: isp0: 3DNR forced off, sensor vblank 136 us < 500 us
[  416.201754] sunxi:vin:[INFO]: [ar0234_mipi]sensor_s_stream on = 1, 1920*1200 300a
[  416.518545] sunxi:vin:[INFO]: [ar0234_mipi]s_fmt set width = 1920, height = 1200, fll = 1220 (120 fps)
[  436.526364] sunxi:vin:[INFO]: [ar0234_mipi]sensor_s_stream on = 0, 1920*1200 300a
[  436.602677] sunxi:vin:[INFO]: [ar0234_mipi]V4L2_IDENT_SENSOR = 0xa56
[  436.602697] sunxi:vin:[INFO]: [ar0234_mipi]find the onsemi AR0234 ***********
[  436.603059] sunxi:vin:[INFO]: isp0 sensor 1920x1200 vts 1220 fps 120: vblank 136 us, 3DNR off (limit 500 us)
[  436.611498] sunxi:vin:[INFO]: isp0: 3DNR forced off, sensor vblank 136 us < 500 us
[  436.612144] sunxi:vin:[INFO]: [ar0234_mipi]sensor_s_stream on = 1, 1920*1200 300a
[  436.930749] sunxi:vin:[INFO]: [ar0234_mipi]s_fmt set width = 1920, height = 1200, fll = 1220 (120 fps)
[  451.945089] sunxi:vin:[INFO]: [ar0234_mipi]sensor_s_stream on = 0, 1920*1200 300a
[ 1285.338332] >>> rwnx_rx_me_tx_credits_update_ind()
[ 1285.338923] rwnx_rx_sm_disconnect_ind reason code:4 
[ 1285.338943] >>> rwnx_cfg80211_unlink_bss()
[ 1285.338968] rwnx_cfg80211_unlink_bss(): cfg80211_unlink OpenWrt!!
[ 1285.339045] deinit:macaddr:24,f8,e3,17,ff,b6
[ 1285.339066] reord_mac:24,f8,e3,17,ff,b6
[ 1285.339083] reord_deinit_sta
[ 1285.339113] rwnx_set_conn_state drv_conn_state:0000000073682f1c RWNX_DRV_STATUS_CONNECTED --> RWNX_DRV_STATUS_DISCONNECTED 
[ 1285.339174] >>> rwnx_cfg80211_del_key()
[ 1285.339197] >>> rwnx_send_key_del()
[ 1285.339613] >>> rwnx_cfg80211_del_key()
[ 1285.339627] >>> rwnx_send_key_del()
[ 1285.339888] >>> rwnx_cfg80211_del_key()
[ 1285.339901] >>> rwnx_send_key_del()
[ 1285.340142] >>> rwnx_cfg80211_del_key()
[ 1285.340156] >>> rwnx_send_key_del()
[ 1285.340393] >>> rwnx_cfg80211_del_key()
[ 1285.340406] >>> rwnx_send_key_del()
[ 1285.340644] >>> rwnx_cfg80211_del_key()
[ 1285.340657] >>> rwnx_send_key_del()
[ 1285.341009] >>> rwnx_send_me_chan_config_req()
[ 1285.342801] >>> rwnx_send_cfg_rssi_req()
[ 1285.346821] >>> rwnx_cfg80211_connect()
[ 1285.346847] rwnx_set_conn_state drv_conn_state:0000000073682f1c RWNX_DRV_STATUS_DISCONNECTED --> RWNX_DRV_STATUS_CONNECTING 
[ 1285.346872] >>> rwnx_send_sm_connect_req()
[ 1285.346888] rwnx_send_sm_connect_req drv_vif_index:0 connect to OpenWrt(7) channel:5200 auth_type:0
[ 1285.772488] >>> rwnx_rx_sm_connect_ind()
[ 1285.772548] rwnx_rx_sm_connect_ind ind->roamed:0 ind->status_code:0 rwnx_vif->drv_conn_state:2
[ 1285.772588] rwnx_set_conn_state drv_conn_state:0000000073682f1c RWNX_DRV_STATUS_CONNECTING --> RWNX_DRV_STATUS_CONNECTED 
[ 1285.772611] rwnx_rx_sm_connect_ind cfg80211_connect_result pass, rwnx_vif->drv_conn_state:3
[ 1285.777637] need cfm ethertype:    8e88,user_idx=3, skb=00000000bd2aa223
[ 1285.778282] sdio_host_tx_cfm_handler:used_idx=2, 0x00000000a880d64a, status=9
[ 1285.782343] need cfm ethertype:    8e88,user_idx=4, skb=0000000080c521da
[ 1285.782739] >>> rwnx_cfg80211_add_key()
[ 1285.782758] >>> rwnx_send_key_add()
[ 1285.782771] rwnx_send_key_add: sta_idx:1 key_idx:0 inst_nbr:0 cipher:2 key_len:16
[ 1285.782964] sdio_host_tx_cfm_handler:used_idx=3, 0x00000000a880d64a, status=9
[ 1285.783357] >>> rwnx_cfg80211_set_default_key()
[ 1285.783858] >>> rwnx_cfg80211_add_key()
[ 1285.783879] >>> rwnx_send_key_add()
[ 1285.783892] rwnx_send_key_add: sta_idx:255 key_idx:2 inst_nbr:0 cipher:2 key_len:16
[ 1285.784813] >>> rwnx_send_cfg_rssi_req()
[ 1285.787148] >>> rwnx_send_me_set_control_port_req()
[ 1285.796734] >>> rwnx_send_me_chan_config_req()
[ 1292.980707] >>> rwnx_rx_me_tx_credits_update_ind()
[ 1601.777853] >>> rwnx_rx_me_tx_credits_update_ind()
[ 1601.778526] rwnx_rx_sm_disconnect_ind reason code:4 
[ 1601.778546] >>> rwnx_cfg80211_unlink_bss()
[ 1601.778563] rwnx_cfg80211_unlink_bss(): cfg80211_unlink OpenWrt!!
[ 1601.778641] deinit:macaddr:24,f8,e3,17,ff,b6
[ 1601.778672] rwnx_set_conn_state drv_conn_state:0000000073682f1c RWNX_DRV_STATUS_CONNECTED --> RWNX_DRV_STATUS_DISCONNECTED 
[ 1601.778681] >>> rwnx_cfg80211_del_key()
[ 1601.778697] >>> rwnx_send_key_del()
[ 1601.779085] >>> rwnx_cfg80211_del_key()
[ 1601.779101] >>> rwnx_send_key_del()
[ 1601.779444] >>> rwnx_cfg80211_del_key()
[ 1601.779457] >>> rwnx_send_key_del()
[ 1601.779702] >>> rwnx_cfg80211_del_key()
[ 1601.779707] >>> rwnx_send_key_del()
[ 1601.779906] >>> rwnx_cfg80211_del_key()
[ 1601.779910] >>> rwnx_send_key_del()
[ 1601.780112] >>> rwnx_cfg80211_del_key()
[ 1601.780116] >>> rwnx_send_key_del()
[ 1601.780370] >>> rwnx_send_me_chan_config_req()
[ 1601.781996] >>> rwnx_send_cfg_rssi_req()
[ 1601.785932] >>> rwnx_cfg80211_connect()
[ 1601.785957] rwnx_set_conn_state drv_conn_state:0000000073682f1c RWNX_DRV_STATUS_DISCONNECTED --> RWNX_DRV_STATUS_CONNECTING 
[ 1601.785981] >>> rwnx_send_sm_connect_req()
[ 1601.785997] rwnx_send_sm_connect_req drv_vif_index:0 connect to OpenWrt(7) channel:5200 auth_type:0
[ 1602.207329] >>> rwnx_rx_sm_connect_ind()
[ 1602.207388] rwnx_rx_sm_connect_ind ind->roamed:0 ind->status_code:0 rwnx_vif->drv_conn_state:2
[ 1602.207430] rwnx_set_conn_state drv_conn_state:0000000073682f1c RWNX_DRV_STATUS_CONNECTING --> RWNX_DRV_STATUS_CONNECTED 
[ 1602.207452] rwnx_rx_sm_connect_ind cfg80211_connect_result pass, rwnx_vif->drv_conn_state:3
[ 1602.212120] need cfm ethertype:    8e88,user_idx=5, skb=00000000fe74608f
[ 1602.212818] sdio_host_tx_cfm_handler:used_idx=4, 0x00000000a880d64a, status=9
[ 1602.217772] need cfm ethertype:    8e88,user_idx=6, skb=0000000086d7ebab
[ 1602.218035] >>> rwnx_cfg80211_add_key()
[ 1602.218053] >>> rwnx_send_key_add()
[ 1602.218066] rwnx_send_key_add: sta_idx:2 key_idx:0 inst_nbr:0 cipher:2 key_len:16
[ 1602.218468] sdio_host_tx_cfm_handler:used_idx=5, 0x00000000a880d64a, status=9
[ 1602.218549] >>> rwnx_cfg80211_set_default_key()
[ 1602.219036] >>> rwnx_cfg80211_add_key()
[ 1602.219054] >>> rwnx_send_key_add()
[ 1602.219068] rwnx_send_key_add: sta_idx:255 key_idx:2 inst_nbr:0 cipher:2 key_len:16
[ 1602.219924] >>> rwnx_send_cfg_rssi_req()
[ 1602.222237] >>> rwnx_send_me_set_control_port_req()
[ 1602.246004] >>> rwnx_send_me_chan_config_req()
[ 1724.609587] >>> rwnx_rx_me_tx_credits_update_ind()
[ 2000.696496] reord_init_sta:24:f8:e3:17:ff:b6
[ 2608.211740] >>> rwnx_rx_me_tx_credits_update_ind()
[ 2608.212342] rwnx_rx_sm_disconnect_ind reason code:4 
[ 2608.212362] >>> rwnx_cfg80211_unlink_bss()
[ 2608.212378] rwnx_cfg80211_unlink_bss(): cfg80211_unlink OpenWrt!!
[ 2608.212449] deinit:macaddr:24,f8,e3,17,ff,b6
[ 2608.212471] reord_mac:24,f8,e3,17,ff,b6
[ 2608.212488] reord_deinit_sta
[ 2608.212518] rwnx_set_conn_state drv_conn_state:0000000073682f1c RWNX_DRV_STATUS_CONNECTED --> RWNX_DRV_STATUS_DISCONNECTED 
[ 2608.212574] >>> rwnx_cfg80211_del_key()
[ 2608.212597] >>> rwnx_send_key_del()
[ 2608.212965] >>> rwnx_cfg80211_del_key()
[ 2608.212979] >>> rwnx_send_key_del()
[ 2608.213271] >>> rwnx_cfg80211_del_key()
[ 2608.213284] >>> rwnx_send_key_del()
[ 2608.213563] >>> rwnx_cfg80211_del_key()
[ 2608.213576] >>> rwnx_send_key_del()
[ 2608.214269] >>> rwnx_cfg80211_del_key()
[ 2608.214288] >>> rwnx_send_key_del()
[ 2608.214609] >>> rwnx_cfg80211_del_key()
[ 2608.214623] >>> rwnx_send_key_del()
[ 2608.215269] >>> rwnx_send_me_chan_config_req()
[ 2608.216524] >>> rwnx_send_cfg_rssi_req()
[ 2608.220362] >>> rwnx_cfg80211_connect()
[ 2608.220384] rwnx_set_conn_state drv_conn_state:0000000073682f1c RWNX_DRV_STATUS_DISCONNECTED --> RWNX_DRV_STATUS_CONNECTING 
[ 2608.220408] >>> rwnx_send_sm_connect_req()
[ 2608.220424] rwnx_send_sm_connect_req drv_vif_index:0 connect to OpenWrt(7) channel:5200 auth_type:0
[ 2608.639123] >>> rwnx_rx_sm_connect_ind()
[ 2608.639181] rwnx_rx_sm_connect_ind ind->roamed:0 ind->status_code:0 rwnx_vif->drv_conn_state:2
[ 2608.639223] rwnx_set_conn_state drv_conn_state:0000000073682f1c RWNX_DRV_STATUS_CONNECTING --> RWNX_DRV_STATUS_CONNECTED 
[ 2608.639246] rwnx_rx_sm_connect_ind cfg80211_connect_result pass, rwnx_vif->drv_conn_state:3
[ 2608.647320] need cfm ethertype:    8e88,user_idx=7, skb=000000006d97fc4e
[ 2608.648176] sdio_host_tx_cfm_handler:used_idx=6, 0x00000000a880d64a, status=9
[ 2608.652929] need cfm ethertype:    8e88,user_idx=8, skb=00000000bb0f8e10
[ 2608.653197] >>> rwnx_cfg80211_add_key()
[ 2608.653216] >>> rwnx_send_key_add()
[ 2608.653231] rwnx_send_key_add: sta_idx:3 key_idx:0 inst_nbr:0 cipher:2 key_len:16
[ 2608.653541] sdio_host_tx_cfm_handler:used_idx=7, 0x00000000a880d64a, status=9
[ 2608.653692] >>> rwnx_cfg80211_set_default_key()
[ 2608.654251] >>> rwnx_cfg80211_add_key()
[ 2608.654272] >>> rwnx_send_key_add()
[ 2608.654286] rwnx_send_key_add: sta_idx:255 key_idx:2 inst_nbr:0 cipher:2 key_len:16
[ 2608.655215] >>> rwnx_send_cfg_rssi_req()
[ 2608.657511] >>> rwnx_send_me_set_control_port_req()
[ 2608.678310] >>> rwnx_send_me_chan_config_req()
[ 2886.675876] >>> rwnx_rx_me_tx_credits_update_ind()
[ 3455.642551] >>> rwnx_rx_me_tx_credits_update_ind()
[ 3455.643019] rwnx_rx_sm_disconnect_ind reason code:4 
[ 3455.643041] >>> rwnx_cfg80211_unlink_bss()
[ 3455.643058] rwnx_cfg80211_unlink_bss(): cfg80211_unlink OpenWrt!!
[ 3455.643136] deinit:macaddr:24,f8,e3,17,ff,b6
[ 3455.643167] rwnx_set_conn_state drv_conn_state:0000000073682f1c RWNX_DRV_STATUS_CONNECTED --> RWNX_DRV_STATUS_DISCONNECTED 
[ 3455.643360] >>> rwnx_cfg80211_del_key()
[ 3455.643381] >>> rwnx_send_key_del()
[ 3455.643705] >>> rwnx_cfg80211_del_key()
[ 3455.643720] >>> rwnx_send_key_del()
[ 3455.644011] >>> rwnx_cfg80211_del_key()
[ 3455.644024] >>> rwnx_send_key_del()
[ 3455.644319] >>> rwnx_cfg80211_del_key()
[ 3455.644333] >>> rwnx_send_key_del()
[ 3455.644626] >>> rwnx_cfg80211_del_key()
[ 3455.644639] >>> rwnx_send_key_del()
[ 3455.644933] >>> rwnx_cfg80211_del_key()
[ 3455.644946] >>> rwnx_send_key_del()
[ 3455.645597] >>> rwnx_send_me_chan_config_req()
[ 3455.647022] >>> rwnx_send_cfg_rssi_req()
[ 3455.650932] >>> rwnx_cfg80211_connect()
[ 3455.650956] rwnx_set_conn_state drv_conn_state:0000000073682f1c RWNX_DRV_STATUS_DISCONNECTED --> RWNX_DRV_STATUS_CONNECTING 
[ 3455.650981] >>> rwnx_send_sm_connect_req()
[ 3455.650996] rwnx_send_sm_connect_req drv_vif_index:0 connect to OpenWrt(7) channel:5200 auth_type:0
[ 3456.093759] >>> rwnx_rx_sm_connect_ind()
[ 3456.093820] rwnx_rx_sm_connect_ind ind->roamed:0 ind->status_code:0 rwnx_vif->drv_conn_state:2
[ 3456.093863] rwnx_set_conn_state drv_conn_state:0000000073682f1c RWNX_DRV_STATUS_CONNECTING --> RWNX_DRV_STATUS_CONNECTED 
[ 3456.093886] rwnx_rx_sm_connect_ind cfg80211_connect_result pass, rwnx_vif->drv_conn_state:3
[ 3456.100235] need cfm ethertype:    8e88,user_idx=9, skb=00000000ec6f5dab
[ 3456.100868] sdio_host_tx_cfm_handler:used_idx=8, 0x00000000a880d64a, status=9
[ 3456.105126] need cfm ethertype:    8e88,user_idx=10, skb=00000000592838ef
[ 3456.105389] >>> rwnx_cfg80211_add_key()
[ 3456.105408] >>> rwnx_send_key_add()
[ 3456.105422] rwnx_send_key_add: sta_idx:4 key_idx:0 inst_nbr:0 cipher:2 key_len:16
[ 3456.105837] sdio_host_tx_cfm_handler:used_idx=9, 0x00000000a880d64a, status=9
[ 3456.105864] >>> rwnx_cfg80211_set_default_key()
[ 3456.106316] >>> rwnx_cfg80211_add_key()
[ 3456.106334] >>> rwnx_send_key_add()
[ 3456.106347] rwnx_send_key_add: sta_idx:255 key_idx:2 inst_nbr:0 cipher:2 key_len:16
[ 3456.107208] >>> rwnx_send_cfg_rssi_req()
[ 3456.109455] >>> rwnx_send_me_set_control_port_req()
[ 3456.133667] >>> rwnx_send_me_chan_config_req()
[ 3504.980147] >>> rwnx_rx_me_tx_credits_update_ind()
[ 3711.964446] sunxi:sunxi_mmc_host-4021000.sdmmc:[INFO]: start tuning, tuning clk = 200000000  opcode=19
[ 3711.964488] sunxi:sunxi_mmc_host-4021000.sdmmc:[INFO]: ----speed mode = 6
[ 3712.028542] sunxi:sunxi_mmc_host-4021000.sdmmc:[ERR]: wait dma hold bit clear timeout
[ 3712.044467] sunxi:sunxi_mmc_host-4021000.sdmmc:[ERR]: wait dma hold bit clear timeout
[ 3712.045466] sunxi:sunxi_mmc_host-4021000.sdmmc:[INFO]: tuning section: 
[ 3712.045486] sunxi:sunxi_mmc_host-4021000.sdmmc:[INFO]: [0-9|10] 
[ 3712.045508] sunxi:sunxi_mmc_host-4021000.sdmmc:[INFO]: [15-57|43] 
[ 3712.045525] sunxi:sunxi_mmc_host-4021000.sdmmc:[INFO]: 
[ 3712.045540] sunxi:sunxi_mmc_host-4021000.sdmmc:[INFO]: tuning result: 15 - 57,  best: 36
[ 3826.101080] >>> rwnx_rx_me_tx_credits_update_ind()
[ 3826.101561] rwnx_rx_sm_disconnect_ind reason code:4 
[ 3826.101583] >>> rwnx_cfg80211_unlink_bss()
[ 3826.101600] rwnx_cfg80211_unlink_bss(): cfg80211_unlink OpenWrt!!
[ 3826.101674] deinit:macaddr:24,f8,e3,17,ff,b6
[ 3826.101706] rwnx_set_conn_state drv_conn_state:0000000073682f1c RWNX_DRV_STATUS_CONNECTED --> RWNX_DRV_STATUS_DISCONNECTED 
[ 3826.101805] >>> rwnx_cfg80211_del_key()
[ 3826.101827] >>> rwnx_send_key_del()
[ 3826.102449] >>> rwnx_cfg80211_del_key()
[ 3826.102462] >>> rwnx_send_key_del()
[ 3826.103009] >>> rwnx_cfg80211_del_key()
[ 3826.103022] >>> rwnx_send_key_del()
[ 3826.103295] >>> rwnx_cfg80211_del_key()
[ 3826.103309] >>> rwnx_send_key_del()
[ 3826.103562] >>> rwnx_cfg80211_del_key()
[ 3826.103575] >>> rwnx_send_key_del()
[ 3826.103821] >>> rwnx_cfg80211_del_key()
[ 3826.103834] >>> rwnx_send_key_del()
[ 3826.104443] >>> rwnx_send_me_chan_config_req()
[ 3826.105638] >>> rwnx_send_cfg_rssi_req()
[ 3826.109574] >>> rwnx_cfg80211_connect()
[ 3826.109599] rwnx_set_conn_state drv_conn_state:0000000073682f1c RWNX_DRV_STATUS_DISCONNECTED --> RWNX_DRV_STATUS_CONNECTING 
[ 3826.109624] >>> rwnx_send_sm_connect_req()
[ 3826.109640] rwnx_send_sm_connect_req drv_vif_index:0 connect to OpenWrt(7) channel:5200 auth_type:0
[ 3826.551661] >>> rwnx_rx_sm_connect_ind()
[ 3826.551722] rwnx_rx_sm_connect_ind ind->roamed:0 ind->status_code:0 rwnx_vif->drv_conn_state:2
[ 3826.551764] rwnx_set_conn_state drv_conn_state:0000000073682f1c RWNX_DRV_STATUS_CONNECTING --> RWNX_DRV_STATUS_CONNECTED 
[ 3826.551788] rwnx_rx_sm_connect_ind cfg80211_connect_result pass, rwnx_vif->drv_conn_state:3
[ 3826.558200] need cfm ethertype:    8e88,user_idx=11, skb=00000000d40b2239
[ 3826.558842] sdio_host_tx_cfm_handler:used_idx=10, 0x00000000a880d64a, status=9
[ 3826.564353] need cfm ethertype:    8e88,user_idx=12, skb=000000000f711a3b
[ 3826.564621] >>> rwnx_cfg80211_add_key()
[ 3826.564641] >>> rwnx_send_key_add()
[ 3826.564655] rwnx_send_key_add: sta_idx:5 key_idx:0 inst_nbr:0 cipher:2 key_len:16
[ 3826.565021] sdio_host_tx_cfm_handler:used_idx=11, 0x00000000a880d64a, status=9
[ 3826.565063] >>> rwnx_cfg80211_set_default_key()
[ 3826.565582] >>> rwnx_cfg80211_add_key()
[ 3826.565602] >>> rwnx_send_key_add()
[ 3826.565615] rwnx_send_key_add: sta_idx:255 key_idx:2 inst_nbr:0 cipher:2 key_len:16
[ 3826.566529] >>> rwnx_send_cfg_rssi_req()
[ 3826.568763] >>> rwnx_send_me_set_control_port_req()
[ 3826.591222] >>> rwnx_send_me_chan_config_req()
[ 3909.994261] sunxi:sunxi_mmc_host-4020000.sdmmc:[INFO]: start tuning, tuning clk = 150000000  opcode=19
[ 3909.994282] sunxi:sunxi_mmc_host-4020000.sdmmc:[INFO]: ----speed mode = 6
[ 3910.037772] sunxi:sunxi_mmc_host-4020000.sdmmc:[INFO]: tuning section: 
[ 3910.037795] sunxi:sunxi_mmc_host-4020000.sdmmc:[INFO]: [0-9|10] 
[ 3910.037817] sunxi:sunxi_mmc_host-4020000.sdmmc:[INFO]: [18-63|46] 
[ 3910.037835] sunxi:sunxi_mmc_host-4020000.sdmmc:[INFO]: 
[ 3910.037849] sunxi:sunxi_mmc_host-4020000.sdmmc:[INFO]: tuning result: 18 - 63,  best: 41
[ 3922.998804] >>> rwnx_rx_me_tx_credits_update_ind()
[ 3923.000217] reord_init_sta:24:f8:e3:17:ff:b6
[ 4363.555868] >>> rwnx_rx_me_tx_credits_update_ind()
[ 4363.556462] rwnx_rx_sm_disconnect_ind reason code:4 
[ 4363.556483] >>> rwnx_cfg80211_unlink_bss()
[ 4363.556501] rwnx_cfg80211_unlink_bss(): cfg80211_unlink OpenWrt!!
[ 4363.556582] deinit:macaddr:24,f8,e3,17,ff,b6
[ 4363.556604] reord_mac:24,f8,e3,17,ff,b6
[ 4363.556622] reord_deinit_sta
[ 4363.556651] rwnx_set_conn_state drv_conn_state:0000000073682f1c RWNX_DRV_STATUS_CONNECTED --> RWNX_DRV_STATUS_DISCONNECTED 
[ 4363.556711] >>> rwnx_cfg80211_del_key()
[ 4363.556734] >>> rwnx_send_key_del()
[ 4363.557196] >>> rwnx_cfg80211_del_key()
[ 4363.557210] >>> rwnx_send_key_del()
[ 4363.557474] >>> rwnx_cfg80211_del_key()
[ 4363.557488] >>> rwnx_send_key_del()
[ 4363.557743] >>> rwnx_cfg80211_del_key()
[ 4363.557756] >>> rwnx_send_key_del()
[ 4363.558003] >>> rwnx_cfg80211_del_key()
[ 4363.558016] >>> rwnx_send_key_del()
[ 4363.558262] >>> rwnx_cfg80211_del_key()
[ 4363.558275] >>> rwnx_send_key_del()
[ 4363.558767] >>> rwnx_send_me_chan_config_req()
[ 4363.559821] >>> rwnx_send_cfg_rssi_req()
[ 4363.563747] >>> rwnx_cfg80211_connect()
[ 4363.563772] rwnx_set_conn_state drv_conn_state:0000000073682f1c RWNX_DRV_STATUS_DISCONNECTED --> RWNX_DRV_STATUS_CONNECTING 
[ 4363.563799] >>> rwnx_send_sm_connect_req()
[ 4363.563815] rwnx_send_sm_connect_req drv_vif_index:0 connect to OpenWrt(7) channel:5200 auth_type:0
[ 4363.997355] >>> rwnx_rx_sm_connect_ind()
[ 4363.997416] rwnx_rx_sm_connect_ind ind->roamed:0 ind->status_code:0 rwnx_vif->drv_conn_state:2
[ 4363.997461] rwnx_set_conn_state drv_conn_state:0000000073682f1c RWNX_DRV_STATUS_CONNECTING --> RWNX_DRV_STATUS_CONNECTED 
[ 4363.997485] rwnx_rx_sm_connect_ind cfg80211_connect_result pass, rwnx_vif->drv_conn_state:3
[ 4364.003311] need cfm ethertype:    8e88,user_idx=13, skb=00000000095cfff4
[ 4364.004035] sdio_host_tx_cfm_handler:used_idx=12, 0x00000000a880d64a, status=9
[ 4364.008805] need cfm ethertype:    8e88,user_idx=14, skb=00000000657dc942
[ 4364.009076] >>> rwnx_cfg80211_add_key()
[ 4364.009095] >>> rwnx_send_key_add()
[ 4364.009109] rwnx_send_key_add: sta_idx:6 key_idx:0 inst_nbr:0 cipher:2 key_len:16
[ 4364.009541] sdio_host_tx_cfm_handler:used_idx=13, 0x00000000a880d64a, status=9
[ 4364.009683] >>> rwnx_cfg80211_set_default_key()
[ 4364.010153] >>> rwnx_cfg80211_add_key()
[ 4364.010171] >>> rwnx_send_key_add()
[ 4364.010184] rwnx_send_key_add: sta_idx:255 key_idx:2 inst_nbr:0 cipher:2 key_len:16
[ 4364.011379] >>> rwnx_send_cfg_rssi_req()
[ 4364.014387] >>> rwnx_send_me_set_control_port_req()
[ 4364.038243] >>> rwnx_send_me_chan_config_req()
[ 4511.301080] >>> rwnx_rx_me_tx_credits_update_ind()
[ 4831.001865] >>> rwnx_rx_me_tx_credits_update_ind()
[ 4831.002460] rwnx_rx_sm_disconnect_ind reason code:4 
[ 4831.002480] >>> rwnx_cfg80211_unlink_bss()
[ 4831.002497] rwnx_cfg80211_unlink_bss(): cfg80211_unlink OpenWrt!!
[ 4831.002574] deinit:macaddr:24,f8,e3,17,ff,b6
[ 4831.002606] rwnx_set_conn_state drv_conn_state:0000000073682f1c RWNX_DRV_STATUS_CONNECTED --> RWNX_DRV_STATUS_DISCONNECTED 
[ 4831.002697] >>> rwnx_cfg80211_del_key()
[ 4831.002721] >>> rwnx_send_key_del()
[ 4831.003083] >>> rwnx_cfg80211_del_key()
[ 4831.003099] >>> rwnx_send_key_del()
[ 4831.003394] >>> rwnx_cfg80211_del_key()
[ 4831.003409] >>> rwnx_send_key_del()
[ 4831.003754] >>> rwnx_cfg80211_del_key()
[ 4831.003776] >>> rwnx_send_key_del()
[ 4831.004067] >>> rwnx_cfg80211_del_key()
[ 4831.004081] >>> rwnx_send_key_del()
[ 4831.004363] >>> rwnx_cfg80211_del_key()
[ 4831.004376] >>> rwnx_send_key_del()
[ 4831.004798] >>> rwnx_send_me_chan_config_req()
[ 4831.005957] >>> rwnx_send_cfg_rssi_req()
[ 4831.009859] >>> rwnx_cfg80211_connect()
[ 4831.009883] rwnx_set_conn_state drv_conn_state:0000000073682f1c RWNX_DRV_STATUS_DISCONNECTED --> RWNX_DRV_STATUS_CONNECTING 
[ 4831.009910] >>> rwnx_send_sm_connect_req()
[ 4831.009926] rwnx_send_sm_connect_req drv_vif_index:0 connect to OpenWrt(7) channel:5200 auth_type:0
[ 4831.464408] >>> rwnx_rx_sm_connect_ind()
[ 4831.464468] rwnx_rx_sm_connect_ind ind->roamed:0 ind->status_code:0 rwnx_vif->drv_conn_state:2
[ 4831.464510] rwnx_set_conn_state drv_conn_state:0000000073682f1c RWNX_DRV_STATUS_CONNECTING --> RWNX_DRV_STATUS_CONNECTED 
[ 4831.464533] rwnx_rx_sm_connect_ind cfg80211_connect_result pass, rwnx_vif->drv_conn_state:3
[ 4831.470337] need cfm ethertype:    8e88,user_idx=15, skb=000000008031b2dd
[ 4831.470990] sdio_host_tx_cfm_handler:used_idx=14, 0x00000000a880d64a, status=9
[ 4831.474459] need cfm ethertype:    8e88,user_idx=16, skb=00000000a7803665
[ 4831.474709] >>> rwnx_cfg80211_add_key()
[ 4831.474728] >>> rwnx_send_key_add()
[ 4831.474742] rwnx_send_key_add: sta_idx:7 key_idx:0 inst_nbr:0 cipher:2 key_len:16
[ 4831.475152] sdio_host_tx_cfm_handler:used_idx=15, 0x00000000a880d64a, status=9
[ 4831.475256] >>> rwnx_cfg80211_set_default_key()
[ 4831.475708] >>> rwnx_cfg80211_add_key()
[ 4831.475727] >>> rwnx_send_key_add()
[ 4831.475740] rwnx_send_key_add: sta_idx:255 key_idx:2 inst_nbr:0 cipher:2 key_len:16
[ 4831.476591] >>> rwnx_send_cfg_rssi_req()
[ 4831.478026] >>> rwnx_send_me_set_control_port_req()
[ 4831.500333] >>> rwnx_send_me_chan_config_req()
[ 4856.580902] >>> rwnx_cfg80211_add_key()
[ 4856.580919] >>> rwnx_send_key_add()
[ 4856.580926] rwnx_send_key_add: sta_idx:255 key_idx:1 inst_nbr:0 cipher:2 key_len:16
[ 4856.581710] need cfm ethertype:    8e88,user_idx=17, skb=0000000042a0adb3
[ 4856.582827] sdio_host_tx_cfm_handler:used_idx=16, 0x00000000a880d64a, status=9
[ 4856.586991] >>> rwnx_rx_me_tx_credits_update_ind()
[ 5366.628108] reord_init_sta:24:f8:e3:17:ff:b6
[ 5418.290814] sunxi:vin:[WARN]: ar0234_mipi is not used, video0 cannot be close!
[ 5418.290841] ------------[ cut here ]------------
[ 5418.290844] unbalanced disables for axp8191-bldo1
[ 5418.290870] WARNING: CPU: 5 PID: 8865 at drivers/regulator/core.c:3012 _regulator_disable+0xf0/0x1c8
[ 5418.290888] Modules linked in: rfcomm bnep hci_uart aic8800_btlpm pvrsrvkm(O) goodix_ts pwm_fan deinterlace vipcore sunxi_ve sun55iw3_devfreq aic8800_fdrv aic8800_bsp ar0234_mipi(O) vin_v4l2(O) videobuf2_dma_contig vin_io
[ 5418.290936] CPU: 5 PID: 8865 Comm: v4l2-ctl Tainted: G        W  O       6.6.98-sun60iw2 #1.0.0
[ 5418.290943] Hardware name: sun60iw2 (DT)
[ 5418.290946] pstate: 60400005 (nZCv daif +PAN -UAO -TCO -DIT -SSBS BTYPE=--)
[ 5418.290953] pc : _regulator_disable+0xf0/0x1c8
[ 5418.290958] lr : _regulator_disable+0xf0/0x1c8
[ 5418.290963] sp : ffffffc085eb3c70
[ 5418.290966] x29: ffffffc085eb3c70 x28: ffffff80e499b600 x27: 0000000000000000
[ 5418.290977] x26: 0000000000000000 x25: 0000000000000000 x24: 0000000000000000
[ 5418.290986] x23: 0000000000000000 x22: ffffff80c1804238 x21: ffffff80c0de8000
[ 5418.290996] x20: ffffff80c0de8000 x19: ffffff80c31ef840 x18: 0000000000000030
[ 5418.291006] x17: 736f6c6320656220 x16: 746f6e6e61632030 x15: 00000000000032f8
[ 5418.291015] x14: 0000000000000000 x13: ffffffc0816fad20 x12: 000000000000172e
[ 5418.291024] x11: 00000000000007ba x10: ffffffc081752d20 x9 : ffffffc0816fad20
[ 5418.291034] x8 : 00000000ffffefff x7 : ffffffc081752d20 x6 : 0000000000000000
[ 5418.291043] x5 : ffffff80ff6b0908 x4 : 0000000000000000 x3 : ffffffc07e1da000
[ 5418.291053] x2 : 0000000000000000 x1 : 0000000000000000 x0 : ffffff80e499b600
[ 5418.291062] Call trace:
[ 5418.291066]  _regulator_disable+0xf0/0x1c8
[ 5418.291072]  regulator_disable+0x3c/0x7c
[ 5418.291077]  __vin_pipeline_close+0xbc/0x158 [vin_v4l2]
[ 5418.291120]  vin_close+0x1a4/0x4bc [vin_v4l2]
[ 5418.291152]  v4l2_release+0xe4/0xec
[ 5418.291161]  __fput+0xbc/0x27c
[ 5418.291169]  __fput_sync+0x50/0x5c
[ 5418.291176]  __arm64_sys_close+0x38/0x7c
[ 5418.291182]  invoke_syscall+0x48/0x118
[ 5418.291190]  el0_svc_common.constprop.0+0x40/0xe8
[ 5418.291196]  do_el0_svc+0x20/0x2c
[ 5418.291201]  el0_svc+0x38/0x114
[ 5418.291209]  el0t_64_sync_handler+0x13c/0x158
[ 5418.291215]  el0t_64_sync+0x190/0x194
[ 5418.291221] ---[ end trace 0000000000000000 ]---
[ 5418.291227] sunxi:vin:[ERR]: vin_pin_disable: disable vind_mclkpin error, fail to disable regulator!
[ 5418.291237] sunxi-vin-core 5830000.vinc: Runtime PM usage count underflow!
[ 5418.291297] sunxi:vin:[WARN]: ar0234_mipi is not used, video4 cannot be close!
[ 5418.291306] ------------[ cut here ]------------
[ 5418.291309] unbalanced disables for axp8191-bldo1
[ 5418.291328] WARNING: CPU: 5 PID: 8865 at drivers/regulator/core.c:3012 _regulator_disable+0xf0/0x1c8
[ 5418.291338] Modules linked in: rfcomm bnep hci_uart aic8800_btlpm pvrsrvkm(O) goodix_ts pwm_fan deinterlace vipcore sunxi_ve sun55iw3_devfreq aic8800_fdrv aic8800_bsp ar0234_mipi(O) vin_v4l2(O) videobuf2_dma_contig vin_io
[ 5418.291378] CPU: 5 PID: 8865 Comm: v4l2-ctl Tainted: G        W  O       6.6.98-sun60iw2 #1.0.0
[ 5418.291384] Hardware name: sun60iw2 (DT)
[ 5418.291387] pstate: 60400005 (nZCv daif +PAN -UAO -TCO -DIT -SSBS BTYPE=--)
[ 5418.291392] pc : _regulator_disable+0xf0/0x1c8
[ 5418.291398] lr : _regulator_disable+0xf0/0x1c8
[ 5418.291403] sp : ffffffc085eb3c70
[ 5418.291406] x29: ffffffc085eb3c70 x28: ffffff80e499b600 x27: 0000000000000000
[ 5418.291416] x26: 0000000000000000 x25: 0000000000000000 x24: 0000000000000000
[ 5418.291425] x23: 0000000000000000 x22: ffffff80c1804238 x21: ffffff80c0de8000
[ 5418.291434] x20: ffffff80c0de8000 x19: ffffff80c31ef840 x18: 0000000000000030
[ 5418.291444] x17: 736f6c6320656220 x16: 746f6e6e61632034 x15: 0000000000003c98
[ 5418.291453] x14: 0000000000000000 x13: ffffffc0816fad20 x12: 00000000000017a3
[ 5418.291462] x11: 00000000000007e1 x10: ffffffc081752d20 x9 : ffffffc0816fad20
[ 5418.291472] x8 : 00000000ffffefff x7 : ffffffc081752d20 x6 : 0000000000000000
[ 5418.291481] x5 : ffffff80ff6b0908 x4 : 0000000000000000 x3 : ffffffc07e1da000
[ 5418.291490] x2 : 0000000000000000 x1 : 0000000000000000 x0 : ffffff80e499b600
[ 5418.291499] Call trace:
[ 5418.291502]  _regulator_disable+0xf0/0x1c8
[ 5418.291508]  regulator_disable+0x3c/0x7c
[ 5418.291513]  __vin_pipeline_close+0xbc/0x158 [vin_v4l2]
[ 5418.291548]  vin_close+0x1a4/0x4bc [vin_v4l2]
[ 5418.291580]  v4l2_release+0xe4/0xec
[ 5418.291586]  __fput+0xbc/0x27c
[ 5418.291593]  __fput_sync+0x50/0x5c
[ 5418.291599]  __arm64_sys_close+0x38/0x7c
[ 5418.291604]  invoke_syscall+0x48/0x118
[ 5418.291611]  el0_svc_common.constprop.0+0x40/0xe8
[ 5418.291617]  do_el0_svc+0x20/0x2c
[ 5418.291623]  el0_svc+0x38/0x114
[ 5418.291628]  el0t_64_sync_handler+0x13c/0x158
[ 5418.291634]  el0t_64_sync+0x190/0x194
[ 5418.291639] ---[ end trace 0000000000000000 ]---
[ 5418.291643] sunxi:vin:[ERR]: vin_pin_disable: disable vind_mclkpin error, fail to disable regulator!
[ 5418.291649] sunxi-vin-core 5831000.vinc: Runtime PM usage count underflow!
[ 5418.292662] sunxi:vin:[WARN]: v4l2 sub device scaler get_selection error!
[ 5418.292676] sunxi:vin:[WARN]: v4l2 sub device scaler get_selection error!
[ 5418.292682] sunxi:vin:[WARN]: ar0234_mipi is not used, video0 cannot be close!
[ 5418.292689] ------------[ cut here ]------------
[ 5418.292692] unbalanced disables for axp8191-bldo1
[ 5418.292712] WARNING: CPU: 5 PID: 8865 at drivers/regulator/core.c:3012 _regulator_disable+0xf0/0x1c8
[ 5418.292723] Modules linked in: rfcomm bnep hci_uart aic8800_btlpm pvrsrvkm(O) goodix_ts pwm_fan deinterlace vipcore sunxi_ve sun55iw3_devfreq aic8800_fdrv aic8800_bsp ar0234_mipi(O) vin_v4l2(O) videobuf2_dma_contig vin_io
[ 5418.292764] CPU: 5 PID: 8865 Comm: v4l2-ctl Tainted: G        W  O       6.6.98-sun60iw2 #1.0.0
[ 5418.292770] Hardware name: sun60iw2 (DT)
[ 5418.292774] pstate: 60400005 (nZCv daif +PAN -UAO -TCO -DIT -SSBS BTYPE=--)
[ 5418.292779] pc : _regulator_disable+0xf0/0x1c8
[ 5418.292785] lr : _regulator_disable+0xf0/0x1c8
[ 5418.292790] sp : ffffffc085eb3c70
[ 5418.292793] x29: ffffffc085eb3c70 x28: ffffff80e499b600 x27: 0000000000000000
[ 5418.292803] x26: 0000000000000000 x25: 0000000000000000 x24: 0000000000000000
[ 5418.292812] x23: 0000000000000000 x22: ffffff80c1804238 x21: ffffff80c0de8000
[ 5418.292822] x20: ffffff80c0de8000 x19: ffffff80c31ef840 x18: 0000000000000030
[ 5418.292831] x17: 736f6c6320656220 x16: 746f6e6e61632030 x15: 00000000000046d8
[ 5418.292841] x14: 0000000000000000 x13: ffffffc0816fad20 x12: 000000000000181e
[ 5418.292850] x11: 000000000000080a x10: ffffffc081752d20 x9 : ffffffc0816fad20
[ 5418.292860] x8 : 00000000ffffefff x7 : ffffffc081752d20 x6 : 0000000000000000
[ 5418.292869] x5 : ffffff80ff6b0908 x4 : 0000000000000000 x3 : ffffffc07e1da000
[ 5418.292878] x2 : 0000000000000000 x1 : 0000000000000000 x0 : ffffff80e499b600
[ 5418.292887] Call trace:
[ 5418.292890]  _regulator_disable+0xf0/0x1c8
[ 5418.292895]  regulator_disable+0x3c/0x7c
[ 5418.292901]  __vin_pipeline_close+0xbc/0x158 [vin_v4l2]
[ 5418.292937]  vin_close+0x1a4/0x4bc [vin_v4l2]
[ 5418.292969]  v4l2_release+0xe4/0xec
[ 5418.292976]  __fput+0xbc/0x27c
[ 5418.292982]  __fput_sync+0x50/0x5c
[ 5418.292989]  __arm64_sys_close+0x38/0x7c
[ 5418.292994]  invoke_syscall+0x48/0x118
[ 5418.293000]  el0_svc_common.constprop.0+0x40/0xe8
[ 5418.293006]  do_el0_svc+0x20/0x2c
[ 5418.293012]  el0_svc+0x38/0x114
[ 5418.293018]  el0t_64_sync_handler+0x13c/0x158
[ 5418.293024]  el0t_64_sync+0x190/0x194
[ 5418.293029] ---[ end trace 0000000000000000 ]---
[ 5418.293033] sunxi:vin:[ERR]: vin_pin_disable: disable vind_mclkpin error, fail to disable regulator!
[ 5418.293039] sunxi-vin-core 5830000.vinc: Runtime PM usage count underflow!
[ 5418.304006] sunxi:vin:[ERR]: sensor set dv timings error!
[ 5418.304021] sunxi:vin:[ERR]: sensor dv timings cap error!
[ 5418.304098] sunxi:vin:[WARN]: sensor g_pixelaspect fail!
[ 5418.304103] sunxi:vin:[WARN]: v4l2 sub device scaler get_selection error!
[ 5418.304107] sunxi:vin:[WARN]: sensor g_pixelaspect fail!
[ 5418.304110] sunxi:vin:[WARN]: v4l2 sub device scaler get_selection error!
[ 5418.304115] sunxi:vin:[WARN]: v4l2 sub device scaler get_selection error!
[ 5418.304119] sunxi:vin:[WARN]: v4l2 sub device scaler get_selection error!
[ 5418.304122] sunxi:vin:[WARN]: v4l2 sub device scaler get_selection error!
[ 5418.304126] sunxi:vin:[WARN]: v4l2 sub device scaler get_selection error!
[ 5418.304129] sunxi:vin:[WARN]: v4l2 sub device scaler get_selection error!
[ 5418.304133] sunxi:vin:[WARN]: v4l2 sub device scaler get_selection error!
[ 5418.304136] sunxi:vin:[WARN]: v4l2 sub device scaler get_selection error!
[ 5418.304139] sunxi:vin:[WARN]: v4l2 sub device scaler get_selection error!
[ 5418.304143] sunxi:vin:[WARN]: v4l2 sub device scaler get_selection error!
[ 5418.304146] sunxi:vin:[WARN]: v4l2 sub device scaler get_selection error!
[ 5418.304150] sunxi:vin:[WARN]: v4l2 sub device scaler get_selection error!
[ 5418.304153] sunxi:vin:[WARN]: v4l2 sub device scaler get_selection error!
[ 5418.304157] sunxi:vin:[WARN]: v4l2 sub device scaler get_selection error!
[ 5418.304160] sunxi:vin:[WARN]: v4l2 sub device scaler get_selection error!
[ 5418.304164] sunxi:vin:[WARN]: v4l2 sub device scaler get_selection error!
[ 5418.304167] sunxi:vin:[WARN]: v4l2 sub device scaler get_selection error!
[ 5418.361015] sunxi:vin:[INFO]: [ar0234_mipi]V4L2_IDENT_SENSOR = 0xa56
[ 5418.361035] sunxi:vin:[INFO]: [ar0234_mipi]find the onsemi AR0234 ***********
[ 5418.361812] sunxi:vin:[WARN]: v4l2 sub device scaler get_selection error!
[ 5418.361821] sunxi:vin:[WARN]: v4l2 sub device scaler get_selection error!
[ 5418.437823] sunxi:vin:[INFO]: [ar0234_mipi]V4L2_IDENT_SENSOR = 0xa56
[ 5418.437846] sunxi:vin:[INFO]: [ar0234_mipi]find the onsemi AR0234 ***********
[ 5418.438663] sunxi:vin:[WARN]: v4l2 sub device scaler get_selection error!
[ 5418.438760] sunxi:vin:[WARN]: v4l2 sub device scaler get_selection error!
[ 5418.457488] sunxi:vin:[ERR]: sensor set dv timings error!
[ 5418.457507] sunxi:vin:[ERR]: sensor dv timings cap error!
[ 5418.457586] sunxi:vin:[WARN]: sensor g_pixelaspect fail!
[ 5418.457590] sunxi:vin:[WARN]: v4l2 sub device scaler get_selection error!
[ 5418.457595] sunxi:vin:[WARN]: sensor g_pixelaspect fail!
[ 5418.457598] sunxi:vin:[WARN]: v4l2 sub device scaler get_selection error!
[ 5418.457603] sunxi:vin:[WARN]: v4l2 sub device scaler get_selection error!
[ 5418.457607] sunxi:vin:[WARN]: v4l2 sub device scaler get_selection error!
[ 5418.457610] sunxi:vin:[WARN]: v4l2 sub device scaler get_selection error!
[ 5418.457614] sunxi:vin:[WARN]: v4l2 sub device scaler get_selection error!
[ 5418.457617] sunxi:vin:[WARN]: v4l2 sub device scaler get_selection error!
[ 5418.457621] sunxi:vin:[WARN]: v4l2 sub device scaler get_selection error!
[ 5418.457624] sunxi:vin:[WARN]: v4l2 sub device scaler get_selection error!
[ 5418.457627] sunxi:vin:[WARN]: v4l2 sub device scaler get_selection error!
[ 5418.457631] sunxi:vin:[WARN]: v4l2 sub device scaler get_selection error!
[ 5418.457634] sunxi:vin:[WARN]: v4l2 sub device scaler get_selection error!
[ 5418.457638] sunxi:vin:[WARN]: v4l2 sub device scaler get_selection error!
[ 5418.457641] sunxi:vin:[WARN]: v4l2 sub device scaler get_selection error!
[ 5418.457645] sunxi:vin:[WARN]: v4l2 sub device scaler get_selection error!
[ 5418.457648] sunxi:vin:[WARN]: v4l2 sub device scaler get_selection error!
[ 5418.457651] sunxi:vin:[WARN]: v4l2 sub device scaler get_selection error!
[ 5418.457655] sunxi:vin:[WARN]: v4l2 sub device scaler get_selection error!
[ 5418.514176] sunxi:vin:[INFO]: [ar0234_mipi]V4L2_IDENT_SENSOR = 0xa56
[ 5418.514199] sunxi:vin:[INFO]: [ar0234_mipi]find the onsemi AR0234 ***********
[ 5418.514901] sunxi:vin:[WARN]: v4l2 sub device scaler get_selection error!
[ 5418.514912] sunxi:vin:[WARN]: v4l2 sub device scaler get_selection error!
[ 5418.590313] sunxi:vin:[INFO]: [ar0234_mipi]V4L2_IDENT_SENSOR = 0xa56
[ 5418.590336] sunxi:vin:[INFO]: [ar0234_mipi]find the onsemi AR0234 ***********
[ 5418.591209] sunxi:vin:[WARN]: v4l2 sub device scaler get_selection error!
[ 5418.591244] sunxi:vin:[WARN]: v4l2 sub device scaler get_selection error!
[ 5418.883559] npu[2331][2331] Supported vf list: 
[ 5418.883575] npu[2331][2331]     freq: 492000000, vol: 800000
[ 5418.883579] npu[2331][2331]     freq: 852000000, vol: 800000
[ 5418.883583] npu[2331][2331]     freq: 1008000000, vol: 960000
[ 5418.883588] seq_file: buggy .next function vipdrv_seq_next [vipcore] did not update position index
[ 5418.886331] seq_file: buggy .next function vipdrv_seq_next [vipcore] did not update position index
[ 5418.888565] seq_file: buggy .next function vipdrv_seq_next [vipcore] did not update position index
[ 5418.890100] seq_file: buggy .next function vipdrv_seq_next [vipcore] did not update position index
[ 5418.891539] seq_file: buggy .next function vipdrv_seq_next [vipcore] did not update position index
[ 5418.894177] seq_file: buggy .next function vipdrv_seq_next [vipcore] did not update position index
[ 5418.896326] seq_file: buggy .next function vipdrv_seq_next [vipcore] did not update position index
[ 5418.897737] seq_file: buggy .next function vipdrv_seq_next [vipcore] did not update position index
[ 5418.900502] seq_file: buggy .next function vipdrv_seq_next [vipcore] did not update position index
[ 5418.901858] seq_file: buggy .next function vipdrv_seq_next [vipcore] did not update position index
[ 5418.908960] npu[2347][2347] set core(index): 0, percent: 100, freq: 1008000000
[ 5419.025078] npu[234c][234c] set core(index): 0, percent: 100, freq: 1008000000
[ 5419.025249] dev0 hw0 info: pid=0x1000003b, date=0x20230518, ver1=0x9000, ver2=0x9202.
########## DONE
